country_code,country_name,dm_em_flag,rebal_date,risk_tier
CHL,Chile,EM,2006-06-30,core-eligible
CZE,Czech Republic,EM,2006-06-30,core-eligible
GRC,Greece,DM,2006-06-30,satellite-candidate
ITA,Italy,DM,2006-06-30,satellite-candidate
JPN,Japan,DM,2006-06-30,satellite-candidate
KAZ,Kazakhstan,EM,2006-06-30,core-eligible
MYS,Malaysia,EM,2006-06-30,core-eligible
POL,Poland,EM,2006-06-30,core-eligible
PRT,Portugal,DM,2006-06-30,satellite-candidate
ZAF,South Africa,EM,2006-06-30,core-eligible
GBR,United Kingdom,DM,2006-06-30,satellite-candidate
VNM,Vietnam,EM,2006-06-30,core-eligible
CHL,Chile,EM,2006-09-30,core-eligible
CZE,Czech Republic,EM,2006-09-30,core-eligible
GRC,Greece,DM,2006-09-30,satellite-candidate
ITA,Italy,DM,2006-09-30,satellite-candidate
JPN,Japan,DM,2006-09-30,satellite-candidate
KAZ,Kazakhstan,EM,2006-09-30,core-eligible
MYS,Malaysia,EM,2006-09-30,core-eligible
POL,Poland,EM,2006-09-30,core-eligible
PRT,Portugal,DM,2006-09-30,satellite-candidate
ZAF,South Africa,EM,2006-09-30,core-eligible
GBR,United Kingdom,DM,2006-09-30,satellite-candidate
VNM,Vietnam,EM,2006-09-30,core-eligible
CHL,Chile,EM,2006-12-31,core-eligible
CZE,Czech Republic,EM,2006-12-31,core-eligible
GRC,Greece,DM,2006-12-31,satellite-candidate
ITA,Italy,DM,2006-12-31,satellite-candidate
JPN,Japan,DM,2006-12-31,satellite-candidate
KAZ,Kazakhstan,EM,2006-12-31,core-eligible
MYS,Malaysia,EM,2006-12-31,core-eligible
POL,Poland,EM,2006-12-31,core-eligible
PRT,Portugal,DM,2006-12-31,satellite-candidate
ZAF,South Africa,EM,2006-12-31,core-eligible
GBR,United Kingdom,DM,2006-12-31,satellite-candidate
VNM,Vietnam,EM,2006-12-31,core-eligible
CHL,Chile,EM,2007-03-31,core-eligible
CZE,Czech Republic,EM,2007-03-31,core-eligible
GRC,Greece,DM,2007-03-31,satellite-candidate
ITA,Italy,DM,2007-03-31,satellite-candidate
JPN,Japan,DM,2007-03-31,satellite-candidate
KAZ,Kazakhstan,EM,2007-03-31,core-eligible
MYS,Malaysia,EM,2007-03-31,core-eligible
POL,Poland,EM,2007-03-31,core-eligible
PRT,Portugal,DM,2007-03-31,satellite-candidate
ZAF,South Africa,EM,2007-03-31,core-eligible
GBR,United Kingdom,DM,2007-03-31,satellite-candidate
VNM,Vietnam,EM,2007-03-31,core-eligible
CHL,Chile,EM,2007-06-30,core-eligible
CZE,Czech Republic,EM,2007-06-30,core-eligible
GRC,Greece,DM,2007-06-30,satellite-candidate
ITA,Italy,DM,2007-06-30,satellite-candidate
JPN,Japan,DM,2007-06-30,satellite-candidate
KAZ,Kazakhstan,EM,2007-06-30,core-eligible
MYS,Malaysia,EM,2007-06-30,core-eligible
PRT,Portugal,DM,2007-06-30,satellite-candidate
ZAF,South Africa,EM,2007-06-30,core-eligible
GBR,United Kingdom,DM,2007-06-30,satellite-candidate
VNM,Vietnam,EM,2007-06-30,core-eligible
ZMB,Zambia,EM,2007-06-30,core-eligible
CHL,Chile,EM,2007-09-30,core-eligible
CZE,Czech Republic,EM,2007-09-30,core-eligible
GRC,Greece,DM,2007-09-30,satellite-candidate
ITA,Italy,DM,2007-09-30,satellite-candidate
JPN,Japan,DM,2007-09-30,satellite-candidate
KAZ,Kazakhstan,EM,2007-09-30,core-eligible
MYS,Malaysia,EM,2007-09-30,core-eligible
PRT,Portugal,DM,2007-09-30,satellite-candidate
ZAF,South Africa,EM,2007-09-30,core-eligible
GBR,United Kingdom,DM,2007-09-30,satellite-candidate
VNM,Vietnam,EM,2007-09-30,core-eligible
ZMB,Zambia,EM,2007-09-30,core-eligible
CHL,Chile,EM,2007-12-31,core-eligible
CZE,Czech Republic,EM,2007-12-31,core-eligible
GRC,Greece,DM,2007-12-31,satellite-candidate
ITA,Italy,DM,2007-12-31,satellite-candidate
JPN,Japan,DM,2007-12-31,satellite-candidate
KAZ,Kazakhstan,EM,2007-12-31,core-eligible
MYS,Malaysia,EM,2007-12-31,core-eligible
PRT,Portugal,DM,2007-12-31,satellite-candidate
ZAF,South Africa,EM,2007-12-31,core-eligible
GBR,United Kingdom,DM,2007-12-31,satellite-candidate
VNM,Vietnam,EM,2007-12-31,core-eligible
ZMB,Zambia,EM,2007-12-31,core-eligible
CHL,Chile,EM,2008-03-31,core-eligible
CZE,Czech Republic,EM,2008-03-31,core-eligible
GRC,Greece,DM,2008-03-31,satellite-candidate
ITA,Italy,DM,2008-03-31,satellite-candidate
JPN,Japan,DM,2008-03-31,satellite-candidate
KAZ,Kazakhstan,EM,2008-03-31,core-eligible
MYS,Malaysia,EM,2008-03-31,core-eligible
PRT,Portugal,DM,2008-03-31,satellite-candidate
ZAF,South Africa,EM,2008-03-31,core-eligible
GBR,United Kingdom,DM,2008-03-31,satellite-candidate
VNM,Vietnam,EM,2008-03-31,core-eligible
ZMB,Zambia,EM,2008-03-31,core-eligible
CHL,Chile,EM,2008-06-30,core-eligible
CZE,Czech Republic,EM,2008-06-30,core-eligible
GRC,Greece,DM,2008-06-30,satellite-candidate
ITA,Italy,DM,2008-06-30,satellite-candidate
JPN,Japan,DM,2008-06-30,satellite-candidate
KAZ,Kazakhstan,EM,2008-06-30,core-eligible
MYS,Malaysia,EM,2008-06-30,core-eligible
POL,Poland,EM,2008-06-30,core-eligible
PRT,Portugal,DM,2008-06-30,satellite-candidate
GBR,United Kingdom,DM,2008-06-30,satellite-candidate
CHL,Chile,EM,2008-09-30,core-eligible
CZE,Czech Republic,EM,2008-09-30,core-eligible
GRC,Greece,DM,2008-09-30,satellite-candidate
ITA,Italy,DM,2008-09-30,satellite-candidate
JPN,Japan,DM,2008-09-30,satellite-candidate
KAZ,Kazakhstan,EM,2008-09-30,core-eligible
MYS,Malaysia,EM,2008-09-30,core-eligible
POL,Poland,EM,2008-09-30,core-eligible
PRT,Portugal,DM,2008-09-30,satellite-candidate
GBR,United Kingdom,DM,2008-09-30,satellite-candidate
CHL,Chile,EM,2008-12-31,core-eligible
CZE,Czech Republic,EM,2008-12-31,core-eligible
GRC,Greece,DM,2008-12-31,satellite-candidate
ITA,Italy,DM,2008-12-31,satellite-candidate
JPN,Japan,DM,2008-12-31,satellite-candidate
KAZ,Kazakhstan,EM,2008-12-31,core-eligible
MYS,Malaysia,EM,2008-12-31,core-eligible
POL,Poland,EM,2008-12-31,core-eligible
PRT,Portugal,DM,2008-12-31,satellite-candidate
GBR,United Kingdom,DM,2008-12-31,satellite-candidate
USA,United States,DM,2008-12-31,satellite-candidate
CHL,Chile,EM,2009-03-31,core-eligible
CZE,Czech Republic,EM,2009-03-31,core-eligible
GRC,Greece,DM,2009-03-31,satellite-candidate
ITA,Italy,DM,2009-03-31,satellite-candidate
JPN,Japan,DM,2009-03-31,satellite-candidate
KAZ,Kazakhstan,EM,2009-03-31,core-eligible
MYS,Malaysia,EM,2009-03-31,core-eligible
POL,Poland,EM,2009-03-31,core-eligible
PRT,Portugal,DM,2009-03-31,satellite-candidate
GBR,United Kingdom,DM,2009-03-31,satellite-candidate
USA,United States,DM,2009-03-31,satellite-candidate
BEL,Belgium,DM,2009-06-30,satellite-candidate
CHL,Chile,EM,2009-06-30,core-eligible
CZE,Czech Republic,EM,2009-06-30,core-eligible
FRA,France,DM,2009-06-30,satellite-candidate
GRC,Greece,DM,2009-06-30,satellite-candidate
ITA,Italy,DM,2009-06-30,satellite-candidate
JPN,Japan,DM,2009-06-30,satellite-candidate
KAZ,Kazakhstan,EM,2009-06-30,core-eligible
MYS,Malaysia,EM,2009-06-30,core-eligible
POL,Poland,EM,2009-06-30,core-eligible
PRT,Portugal,DM,2009-06-30,satellite-candidate
GBR,United Kingdom,DM,2009-06-30,satellite-candidate
USA,United States,DM,2009-06-30,satellite-candidate
BEL,Belgium,DM,2009-09-30,satellite-candidate
CHL,Chile,EM,2009-09-30,core-eligible
CZE,Czech Republic,EM,2009-09-30,core-eligible
FRA,France,DM,2009-09-30,satellite-candidate
GRC,Greece,DM,2009-09-30,satellite-candidate
ITA,Italy,DM,2009-09-30,satellite-candidate
JPN,Japan,DM,2009-09-30,satellite-candidate
KAZ,Kazakhstan,EM,2009-09-30,core-eligible
MYS,Malaysia,EM,2009-09-30,core-eligible
POL,Poland,EM,2009-09-30,core-eligible
PRT,Portugal,DM,2009-09-30,satellite-candidate
GBR,United Kingdom,DM,2009-09-30,satellite-candidate
USA,United States,DM,2009-09-30,satellite-candidate
BEL,Belgium,DM,2009-12-31,satellite-candidate
CHL,Chile,EM,2009-12-31,core-eligible
CZE,Czech Republic,EM,2009-12-31,core-eligible
FRA,France,DM,2009-12-31,satellite-candidate
GRC,Greece,DM,2009-12-31,satellite-candidate
ITA,Italy,DM,2009-12-31,satellite-candidate
JPN,Japan,DM,2009-12-31,satellite-candidate
KAZ,Kazakhstan,EM,2009-12-31,core-eligible
MYS,Malaysia,EM,2009-12-31,core-eligible
POL,Poland,EM,2009-12-31,core-eligible
PRT,Portugal,DM,2009-12-31,satellite-candidate
GBR,United Kingdom,DM,2009-12-31,satellite-candidate
USA,United States,DM,2009-12-31,satellite-candidate
BEL,Belgium,DM,2010-03-31,satellite-candidate
CHL,Chile,EM,2010-03-31,core-eligible
CZE,Czech Republic,EM,2010-03-31,core-eligible
FRA,France,DM,2010-03-31,satellite-candidate
GRC,Greece,DM,2010-03-31,satellite-candidate
ITA,Italy,DM,2010-03-31,satellite-candidate
JPN,Japan,DM,2010-03-31,satellite-candidate
KAZ,Kazakhstan,EM,2010-03-31,core-eligible
MYS,Malaysia,EM,2010-03-31,core-eligible
POL,Poland,EM,2010-03-31,core-eligible
PRT,Portugal,DM,2010-03-31,satellite-candidate
GBR,United Kingdom,DM,2010-03-31,satellite-candidate
USA,United States,DM,2010-03-31,satellite-candidate
AUT,Austria,DM,2010-06-30,satellite-candidate
BEL,Belgium,DM,2010-06-30,satellite-candidate
CAN,Canada,DM,2010-06-30,satellite-candidate
CHL,Chile,EM,2010-06-30,core-eligible
FIN,Finland,DM,2010-06-30,satellite-candidate
FRA,France,DM,2010-06-30,satellite-candidate
DEU,Germany,DM,2010-06-30,satellite-candidate
GRC,Greece,DM,2010-06-30,satellite-candidate
ITA,Italy,DM,2010-06-30,satellite-candidate
JPN,Japan,DM,2010-06-30,satellite-candidate
KAZ,Kazakhstan,EM,2010-06-30,core-eligible
MYS,Malaysia,EM,2010-06-30,core-eligible
NLD,Netherlands,DM,2010-06-30,satellite-candidate
PRT,Portugal,DM,2010-06-30,satellite-candidate
ESP,Spain,DM,2010-06-30,satellite-candidate
GBR,United Kingdom,DM,2010-06-30,satellite-candidate
USA,United States,DM,2010-06-30,satellite-candidate
AUT,Austria,DM,2010-09-30,satellite-candidate
BEL,Belgium,DM,2010-09-30,satellite-candidate
CAN,Canada,DM,2010-09-30,satellite-candidate
CHL,Chile,EM,2010-09-30,core-eligible
FIN,Finland,DM,2010-09-30,satellite-candidate
FRA,France,DM,2010-09-30,satellite-candidate
DEU,Germany,DM,2010-09-30,satellite-candidate
GRC,Greece,DM,2010-09-30,satellite-candidate
ITA,Italy,DM,2010-09-30,satellite-candidate
JPN,Japan,DM,2010-09-30,satellite-candidate
KAZ,Kazakhstan,EM,2010-09-30,core-eligible
MYS,Malaysia,EM,2010-09-30,core-eligible
NLD,Netherlands,DM,2010-09-30,satellite-candidate
PRT,Portugal,DM,2010-09-30,satellite-candidate
ESP,Spain,DM,2010-09-30,satellite-candidate
GBR,United Kingdom,DM,2010-09-30,satellite-candidate
USA,United States,DM,2010-09-30,satellite-candidate
AUT,Austria,DM,2010-12-31,satellite-candidate
BEL,Belgium,DM,2010-12-31,satellite-candidate
CAN,Canada,DM,2010-12-31,satellite-candidate
CHL,Chile,EM,2010-12-31,core-eligible
FIN,Finland,DM,2010-12-31,satellite-candidate
FRA,France,DM,2010-12-31,satellite-candidate
DEU,Germany,DM,2010-12-31,satellite-candidate
GRC,Greece,DM,2010-12-31,satellite-candidate
ITA,Italy,DM,2010-12-31,satellite-candidate
JPN,Japan,DM,2010-12-31,satellite-candidate
KAZ,Kazakhstan,EM,2010-12-31,core-eligible
MYS,Malaysia,EM,2010-12-31,core-eligible
NLD,Netherlands,DM,2010-12-31,satellite-candidate
PRT,Portugal,DM,2010-12-31,satellite-candidate
ESP,Spain,DM,2010-12-31,satellite-candidate
GBR,United Kingdom,DM,2010-12-31,satellite-candidate
USA,United States,DM,2010-12-31,satellite-candidate
AUT,Austria,DM,2011-03-31,satellite-candidate
BEL,Belgium,DM,2011-03-31,satellite-candidate
CAN,Canada,DM,2011-03-31,satellite-candidate
CHL,Chile,EM,2011-03-31,core-eligible
FIN,Finland,DM,2011-03-31,satellite-candidate
FRA,France,DM,2011-03-31,satellite-candidate
DEU,Germany,DM,2011-03-31,satellite-candidate
GRC,Greece,DM,2011-03-31,satellite-candidate
ITA,Italy,DM,2011-03-31,satellite-candidate
JPN,Japan,DM,2011-03-31,satellite-candidate
KAZ,Kazakhstan,EM,2011-03-31,core-eligible
MYS,Malaysia,EM,2011-03-31,core-eligible
NLD,Netherlands,DM,2011-03-31,satellite-candidate
PRT,Portugal,DM,2011-03-31,satellite-candidate
ESP,Spain,DM,2011-03-31,satellite-candidate
GBR,United Kingdom,DM,2011-03-31,satellite-candidate
USA,United States,DM,2011-03-31,satellite-candidate
AUT,Austria,DM,2011-06-30,satellite-candidate
BEL,Belgium,DM,2011-06-30,satellite-candidate
CHL,Chile,EM,2011-06-30,core-eligible
CZE,Czech Republic,EM,2011-06-30,core-eligible
FRA,France,DM,2011-06-30,satellite-candidate
GRC,Greece,DM,2011-06-30,satellite-candidate
ITA,Italy,DM,2011-06-30,satellite-candidate
JPN,Japan,DM,2011-06-30,satellite-candidate
KAZ,Kazakhstan,EM,2011-06-30,core-eligible
MYS,Malaysia,EM,2011-06-30,core-eligible
PRT,Portugal,DM,2011-06-30,satellite-candidate
ESP,Spain,DM,2011-06-30,satellite-candidate
GBR,United Kingdom,DM,2011-06-30,satellite-candidate
USA,United States,DM,2011-06-30,satellite-candidate
ZMB,Zambia,EM,2011-06-30,core-eligible
AUT,Austria,DM,2011-09-30,satellite-candidate
BEL,Belgium,DM,2011-09-30,satellite-candidate
CAN,Canada,DM,2011-09-30,satellite-candidate
CHL,Chile,EM,2011-09-30,core-eligible
CZE,Czech Republic,EM,2011-09-30,core-eligible
FRA,France,DM,2011-09-30,satellite-candidate
GRC,Greece,DM,2011-09-30,satellite-candidate
ITA,Italy,DM,2011-09-30,satellite-candidate
JPN,Japan,DM,2011-09-30,satellite-candidate
KAZ,Kazakhstan,EM,2011-09-30,core-eligible
MYS,Malaysia,EM,2011-09-30,core-eligible
PRT,Portugal,DM,2011-09-30,satellite-candidate
ESP,Spain,DM,2011-09-30,satellite-candidate
GBR,United Kingdom,DM,2011-09-30,satellite-candidate
USA,United States,DM,2011-09-30,satellite-candidate
ZMB,Zambia,EM,2011-09-30,core-eligible
AUT,Austria,DM,2011-12-31,satellite-candidate
BEL,Belgium,DM,2011-12-31,satellite-candidate
CAN,Canada,DM,2011-12-31,satellite-candidate
CHL,Chile,EM,2011-12-31,core-eligible
CZE,Czech Republic,EM,2011-12-31,core-eligible
FRA,France,DM,2011-12-31,satellite-candidate
GRC,Greece,DM,2011-12-31,satellite-candidate
ITA,Italy,DM,2011-12-31,satellite-candidate
JPN,Japan,DM,2011-12-31,satellite-candidate
KAZ,Kazakhstan,EM,2011-12-31,core-eligible
MYS,Malaysia,EM,2011-12-31,core-eligible
PRT,Portugal,DM,2011-12-31,satellite-candidate
ESP,Spain,DM,2011-12-31,satellite-candidate
GBR,United Kingdom,DM,2011-12-31,satellite-candidate
USA,United States,DM,2011-12-31,satellite-candidate
ZMB,Zambia,EM,2011-12-31,core-eligible
AUT,Austria,DM,2012-03-31,satellite-candidate
BEL,Belgium,DM,2012-03-31,satellite-candidate
CAN,Canada,DM,2012-03-31,satellite-candidate
CHL,Chile,EM,2012-03-31,core-eligible
CZE,Czech Republic,EM,2012-03-31,core-eligible
FRA,France,DM,2012-03-31,satellite-candidate
GRC,Greece,DM,2012-03-31,satellite-candidate
ITA,Italy,DM,2012-03-31,satellite-candidate
JPN,Japan,DM,2012-03-31,satellite-candidate
KAZ,Kazakhstan,EM,2012-03-31,core-eligible
MYS,Malaysia,EM,2012-03-31,core-eligible
PRT,Portugal,DM,2012-03-31,satellite-candidate
ESP,Spain,DM,2012-03-31,satellite-candidate
GBR,United Kingdom,DM,2012-03-31,satellite-candidate
USA,United States,DM,2012-03-31,satellite-candidate
ZMB,Zambia,EM,2012-03-31,core-eligible
BEL,Belgium,DM,2012-06-30,satellite-candidate
CHL,Chile,EM,2012-06-30,core-eligible
CZE,Czech Republic,EM,2012-06-30,core-eligible
FRA,France,DM,2012-06-30,satellite-candidate
GRC,Greece,DM,2012-06-30,satellite-candidate
ITA,Italy,DM,2012-06-30,satellite-candidate
JPN,Japan,DM,2012-06-30,satellite-candidate
KAZ,Kazakhstan,EM,2012-06-30,core-eligible
MYS,Malaysia,EM,2012-06-30,core-eligible
PRT,Portugal,DM,2012-06-30,satellite-candidate
ESP,Spain,DM,2012-06-30,satellite-candidate
GBR,United Kingdom,DM,2012-06-30,satellite-candidate
USA,United States,DM,2012-06-30,satellite-candidate
ZMB,Zambia,EM,2012-06-30,core-eligible
BEL,Belgium,DM,2012-09-30,satellite-candidate
CHL,Chile,EM,2012-09-30,core-eligible
CZE,Czech Republic,EM,2012-09-30,core-eligible
FRA,France,DM,2012-09-30,satellite-candidate
GRC,Greece,DM,2012-09-30,satellite-candidate
ITA,Italy,DM,2012-09-30,satellite-candidate
JPN,Japan,DM,2012-09-30,satellite-candidate
KAZ,Kazakhstan,EM,2012-09-30,core-eligible
MYS,Malaysia,EM,2012-09-30,core-eligible
PRT,Portugal,DM,2012-09-30,satellite-candidate
ESP,Spain,DM,2012-09-30,satellite-candidate
GBR,United Kingdom,DM,2012-09-30,satellite-candidate
USA,United States,DM,2012-09-30,satellite-candidate
ZMB,Zambia,EM,2012-09-30,core-eligible
BEL,Belgium,DM,2012-12-31,satellite-candidate
CHL,Chile,EM,2012-12-31,core-eligible
CZE,Czech Republic,EM,2012-12-31,core-eligible
FRA,France,DM,2012-12-31,satellite-candidate
GRC,Greece,DM,2012-12-31,satellite-candidate
ITA,Italy,DM,2012-12-31,satellite-candidate
JPN,Japan,DM,2012-12-31,satellite-candidate
KAZ,Kazakhstan,EM,2012-12-31,core-eligible
MYS,Malaysia,EM,2012-12-31,core-eligible
PRT,Portugal,DM,2012-12-31,satellite-candidate
ESP,Spain,DM,2012-12-31,satellite-candidate
GBR,United Kingdom,DM,2012-12-31,satellite-candidate
USA,United States,DM,2012-12-31,satellite-candidate
ZMB,Zambia,EM,2012-12-31,core-eligible
BEL,Belgium,DM,2013-03-31,satellite-candidate
CHL,Chile,EM,2013-03-31,core-eligible
CZE,Czech Republic,EM,2013-03-31,core-eligible
FRA,France,DM,2013-03-31,satellite-candidate
GRC,Greece,DM,2013-03-31,satellite-candidate
ITA,Italy,DM,2013-03-31,satellite-candidate
JPN,Japan,DM,2013-03-31,satellite-candidate
KAZ,Kazakhstan,EM,2013-03-31,core-eligible
MYS,Malaysia,EM,2013-03-31,core-eligible
POL,Poland,EM,2013-03-31,core-eligible
PRT,Portugal,DM,2013-03-31,satellite-candidate
ESP,Spain,DM,2013-03-31,satellite-candidate
GBR,United Kingdom,DM,2013-03-31,satellite-candidate
USA,United States,DM,2013-03-31,satellite-candidate
ZMB,Zambia,EM,2013-03-31,core-eligible
AUT,Austria,DM,2013-06-30,satellite-candidate
BEL,Belgium,DM,2013-06-30,satellite-candidate
CHL,Chile,EM,2013-06-30,core-eligible
FIN,Finland,DM,2013-06-30,satellite-candidate
FRA,France,DM,2013-06-30,satellite-candidate
GRC,Greece,DM,2013-06-30,satellite-candidate
ITA,Italy,DM,2013-06-30,satellite-candidate
JPN,Japan,DM,2013-06-30,satellite-candidate
KAZ,Kazakhstan,EM,2013-06-30,core-eligible
MYS,Malaysia,EM,2013-06-30,core-eligible
PRT,Portugal,DM,2013-06-30,satellite-candidate
ESP,Spain,DM,2013-06-30,satellite-candidate
GBR,United Kingdom,DM,2013-06-30,satellite-candidate
USA,United States,DM,2013-06-30,satellite-candidate
VNM,Vietnam,EM,2013-06-30,core-eligible
ZMB,Zambia,EM,2013-06-30,core-eligible
AUT,Austria,DM,2013-09-30,satellite-candidate
BEL,Belgium,DM,2013-09-30,satellite-candidate
CHL,Chile,EM,2013-09-30,core-eligible
FIN,Finland,DM,2013-09-30,satellite-candidate
FRA,France,DM,2013-09-30,satellite-candidate
GRC,Greece,DM,2013-09-30,satellite-candidate
ITA,Italy,DM,2013-09-30,satellite-candidate
JPN,Japan,DM,2013-09-30,satellite-candidate
KAZ,Kazakhstan,EM,2013-09-30,core-eligible
MYS,Malaysia,EM,2013-09-30,core-eligible
PRT,Portugal,DM,2013-09-30,satellite-candidate
ESP,Spain,DM,2013-09-30,satellite-candidate
GBR,United Kingdom,DM,2013-09-30,satellite-candidate
USA,United States,DM,2013-09-30,satellite-candidate
VNM,Vietnam,EM,2013-09-30,core-eligible
ZMB,Zambia,EM,2013-09-30,core-eligible
AUT,Austria,DM,2013-12-31,satellite-candidate
BEL,Belgium,DM,2013-12-31,satellite-candidate
CHL,Chile,EM,2013-12-31,core-eligible
FIN,Finland,DM,2013-12-31,satellite-candidate
FRA,France,DM,2013-12-31,satellite-candidate
GRC,Greece,DM,2013-12-31,satellite-candidate
ITA,Italy,DM,2013-12-31,satellite-candidate
JPN,Japan,DM,2013-12-31,satellite-candidate
KAZ,Kazakhstan,EM,2013-12-31,core-eligible
MYS,Malaysia,EM,2013-12-31,core-eligible
PRT,Portugal,DM,2013-12-31,satellite-candidate
ESP,Spain,DM,2013-12-31,satellite-candidate
GBR,United Kingdom,DM,2013-12-31,satellite-candidate
USA,United States,DM,2013-12-31,satellite-candidate
VNM,Vietnam,EM,2013-12-31,core-eligible
ZMB,Zambia,EM,2013-12-31,core-eligible
AUT,Austria,DM,2014-03-31,satellite-candidate
BEL,Belgium,DM,2014-03-31,satellite-candidate
CHL,Chile,EM,2014-03-31,core-eligible
FIN,Finland,DM,2014-03-31,satellite-candidate
FRA,France,DM,2014-03-31,satellite-candidate
GRC,Greece,DM,2014-03-31,satellite-candidate
ITA,Italy,DM,2014-03-31,satellite-candidate
JPN,Japan,DM,2014-03-31,satellite-candidate
KAZ,Kazakhstan,EM,2014-03-31,core-eligible
MYS,Malaysia,EM,2014-03-31,core-eligible
PRT,Portugal,DM,2014-03-31,satellite-candidate
ESP,Spain,DM,2014-03-31,satellite-candidate
GBR,United Kingdom,DM,2014-03-31,satellite-candidate
USA,United States,DM,2014-03-31,satellite-candidate
VNM,Vietnam,EM,2014-03-31,core-eligible
ZMB,Zambia,EM,2014-03-31,core-eligible
AUT,Austria,DM,2014-06-30,satellite-candidate
BEL,Belgium,DM,2014-06-30,satellite-candidate
CHL,Chile,EM,2014-06-30,core-eligible
CZE,Czech Republic,EM,2014-06-30,core-eligible
FIN,Finland,DM,2014-06-30,satellite-candidate
FRA,France,DM,2014-06-30,satellite-candidate
GRC,Greece,DM,2014-06-30,satellite-candidate
ITA,Italy,DM,2014-06-30,satellite-candidate
JPN,Japan,DM,2014-06-30,satellite-candidate
KAZ,Kazakhstan,EM,2014-06-30,core-eligible
MYS,Malaysia,EM,2014-06-30,core-eligible
PRT,Portugal,DM,2014-06-30,satellite-candidate
ESP,Spain,DM,2014-06-30,satellite-candidate
GBR,United Kingdom,DM,2014-06-30,satellite-candidate
USA,United States,DM,2014-06-30,satellite-candidate
VNM,Vietnam,EM,2014-06-30,core-eligible
AUT,Austria,DM,2014-09-30,satellite-candidate
BEL,Belgium,DM,2014-09-30,satellite-candidate
CHL,Chile,EM,2014-09-30,core-eligible
CZE,Czech Republic,EM,2014-09-30,core-eligible
FIN,Finland,DM,2014-09-30,satellite-candidate
FRA,France,DM,2014-09-30,satellite-candidate
GRC,Greece,DM,2014-09-30,satellite-candidate
ITA,Italy,DM,2014-09-30,satellite-candidate
JPN,Japan,DM,2014-09-30,satellite-candidate
KAZ,Kazakhstan,EM,2014-09-30,core-eligible
MYS,Malaysia,EM,2014-09-30,core-eligible
PRT,Portugal,DM,2014-09-30,satellite-candidate
ESP,Spain,DM,2014-09-30,satellite-candidate
GBR,United Kingdom,DM,2014-09-30,satellite-candidate
USA,United States,DM,2014-09-30,satellite-candidate
VNM,Vietnam,EM,2014-09-30,core-eligible
AUT,Austria,DM,2014-12-31,satellite-candidate
BEL,Belgium,DM,2014-12-31,satellite-candidate
CHL,Chile,EM,2014-12-31,core-eligible
CZE,Czech Republic,EM,2014-12-31,core-eligible
FIN,Finland,DM,2014-12-31,satellite-candidate
FRA,France,DM,2014-12-31,satellite-candidate
GRC,Greece,DM,2014-12-31,satellite-candidate
ITA,Italy,DM,2014-12-31,satellite-candidate
JPN,Japan,DM,2014-12-31,satellite-candidate
KAZ,Kazakhstan,EM,2014-12-31,core-eligible
MYS,Malaysia,EM,2014-12-31,core-eligible
PRT,Portugal,DM,2014-12-31,satellite-candidate
ESP,Spain,DM,2014-12-31,satellite-candidate
GBR,United Kingdom,DM,2014-12-31,satellite-candidate
USA,United States,DM,2014-12-31,satellite-candidate
VNM,Vietnam,EM,2014-12-31,core-eligible
AUT,Austria,DM,2015-03-31,satellite-candidate
BEL,Belgium,DM,2015-03-31,satellite-candidate
CHL,Chile,EM,2015-03-31,core-eligible
CZE,Czech Republic,EM,2015-03-31,core-eligible
FIN,Finland,DM,2015-03-31,satellite-candidate
FRA,France,DM,2015-03-31,satellite-candidate
GRC,Greece,DM,2015-03-31,satellite-candidate
ITA,Italy,DM,2015-03-31,satellite-candidate
JPN,Japan,DM,2015-03-31,satellite-candidate
KAZ,Kazakhstan,EM,2015-03-31,core-eligible
MYS,Malaysia,EM,2015-03-31,core-eligible
PRT,Portugal,DM,2015-03-31,satellite-candidate
ROU,Romania,EM,2015-03-31,core-eligible
ESP,Spain,DM,2015-03-31,satellite-candidate
GBR,United Kingdom,DM,2015-03-31,satellite-candidate
USA,United States,DM,2015-03-31,satellite-candidate
VNM,Vietnam,EM,2015-03-31,core-eligible
BEL,Belgium,DM,2015-06-30,satellite-candidate
CHL,Chile,EM,2015-06-30,core-eligible
CZE,Czech Republic,EM,2015-06-30,core-eligible
FIN,Finland,DM,2015-06-30,satellite-candidate
FRA,France,DM,2015-06-30,satellite-candidate
GRC,Greece,DM,2015-06-30,satellite-candidate
ITA,Italy,DM,2015-06-30,satellite-candidate
JPN,Japan,DM,2015-06-30,satellite-candidate
KAZ,Kazakhstan,EM,2015-06-30,core-eligible
MYS,Malaysia,EM,2015-06-30,core-eligible
POL,Poland,EM,2015-06-30,core-eligible
PRT,Portugal,DM,2015-06-30,satellite-candidate
ROU,Romania,EM,2015-06-30,core-eligible
ESP,Spain,DM,2015-06-30,satellite-candidate
GBR,United Kingdom,DM,2015-06-30,satellite-candidate
USA,United States,DM,2015-06-30,satellite-candidate
VNM,Vietnam,EM,2015-06-30,core-eligible
BEL,Belgium,DM,2015-09-30,satellite-candidate
CHL,Chile,EM,2015-09-30,core-eligible
CZE,Czech Republic,EM,2015-09-30,core-eligible
FIN,Finland,DM,2015-09-30,satellite-candidate
FRA,France,DM,2015-09-30,satellite-candidate
GRC,Greece,DM,2015-09-30,satellite-candidate
ITA,Italy,DM,2015-09-30,satellite-candidate
JPN,Japan,DM,2015-09-30,satellite-candidate
KAZ,Kazakhstan,EM,2015-09-30,core-eligible
MYS,Malaysia,EM,2015-09-30,core-eligible
POL,Poland,EM,2015-09-30,core-eligible
PRT,Portugal,DM,2015-09-30,satellite-candidate
ROU,Romania,EM,2015-09-30,core-eligible
ESP,Spain,DM,2015-09-30,satellite-candidate
GBR,United Kingdom,DM,2015-09-30,satellite-candidate
USA,United States,DM,2015-09-30,satellite-candidate
VNM,Vietnam,EM,2015-09-30,core-eligible
BEL,Belgium,DM,2015-12-31,satellite-candidate
CHL,Chile,EM,2015-12-31,core-eligible
CZE,Czech Republic,EM,2015-12-31,core-eligible
FIN,Finland,DM,2015-12-31,satellite-candidate
FRA,France,DM,2015-12-31,satellite-candidate
GRC,Greece,DM,2015-12-31,satellite-candidate
ITA,Italy,DM,2015-12-31,satellite-candidate
JPN,Japan,DM,2015-12-31,satellite-candidate
KAZ,Kazakhstan,EM,2015-12-31,core-eligible
MYS,Malaysia,EM,2015-12-31,core-eligible
POL,Poland,EM,2015-12-31,core-eligible
PRT,Portugal,DM,2015-12-31,satellite-candidate
ROU,Romania,EM,2015-12-31,core-eligible
ESP,Spain,DM,2015-12-31,satellite-candidate
GBR,United Kingdom,DM,2015-12-31,satellite-candidate
USA,United States,DM,2015-12-31,satellite-candidate
VNM,Vietnam,EM,2015-12-31,core-eligible
BEL,Belgium,DM,2016-03-31,satellite-candidate
CHL,Chile,EM,2016-03-31,core-eligible
CZE,Czech Republic,EM,2016-03-31,core-eligible
FIN,Finland,DM,2016-03-31,satellite-candidate
FRA,France,DM,2016-03-31,satellite-candidate
GRC,Greece,DM,2016-03-31,satellite-candidate
ITA,Italy,DM,2016-03-31,satellite-candidate
JPN,Japan,DM,2016-03-31,satellite-candidate
KAZ,Kazakhstan,EM,2016-03-31,core-eligible
MYS,Malaysia,EM,2016-03-31,core-eligible
POL,Poland,EM,2016-03-31,core-eligible
PRT,Portugal,DM,2016-03-31,satellite-candidate
ROU,Romania,EM,2016-03-31,core-eligible
ESP,Spain,DM,2016-03-31,satellite-candidate
GBR,United Kingdom,DM,2016-03-31,satellite-candidate
USA,United States,DM,2016-03-31,satellite-candidate
VNM,Vietnam,EM,2016-03-31,core-eligible
BEL,Belgium,DM,2016-06-30,satellite-candidate
CHL,Chile,EM,2016-06-30,core-eligible
CZE,Czech Republic,EM,2016-06-30,core-eligible
FIN,Finland,DM,2016-06-30,satellite-candidate
FRA,France,DM,2016-06-30,satellite-candidate
GRC,Greece,DM,2016-06-30,satellite-candidate
ITA,Italy,DM,2016-06-30,satellite-candidate
JPN,Japan,DM,2016-06-30,satellite-candidate
MYS,Malaysia,EM,2016-06-30,core-eligible
POL,Poland,EM,2016-06-30,core-eligible
PRT,Portugal,DM,2016-06-30,satellite-candidate
ROU,Romania,EM,2016-06-30,core-eligible
ESP,Spain,DM,2016-06-30,satellite-candidate
THA,Thailand,EM,2016-06-30,core-eligible
GBR,United Kingdom,DM,2016-06-30,satellite-candidate
USA,United States,DM,2016-06-30,satellite-candidate
VNM,Vietnam,EM,2016-06-30,core-eligible
BEL,Belgium,DM,2016-09-30,satellite-candidate
CHL,Chile,EM,2016-09-30,core-eligible
CZE,Czech Republic,EM,2016-09-30,core-eligible
FIN,Finland,DM,2016-09-30,satellite-candidate
FRA,France,DM,2016-09-30,satellite-candidate
GRC,Greece,DM,2016-09-30,satellite-candidate
ITA,Italy,DM,2016-09-30,satellite-candidate
JPN,Japan,DM,2016-09-30,satellite-candidate
MYS,Malaysia,EM,2016-09-30,core-eligible
POL,Poland,EM,2016-09-30,core-eligible
PRT,Portugal,DM,2016-09-30,satellite-candidate
ROU,Romania,EM,2016-09-30,core-eligible
ESP,Spain,DM,2016-09-30,satellite-candidate
THA,Thailand,EM,2016-09-30,core-eligible
GBR,United Kingdom,DM,2016-09-30,satellite-candidate
USA,United States,DM,2016-09-30,satellite-candidate
VNM,Vietnam,EM,2016-09-30,core-eligible
BEL,Belgium,DM,2016-12-31,satellite-candidate
CHL,Chile,EM,2016-12-31,core-eligible
CZE,Czech Republic,EM,2016-12-31,core-eligible
FRA,France,DM,2016-12-31,satellite-candidate
GRC,Greece,DM,2016-12-31,satellite-candidate
ITA,Italy,DM,2016-12-31,satellite-candidate
JPN,Japan,DM,2016-12-31,satellite-candidate
MYS,Malaysia,EM,2016-12-31,core-eligible
POL,Poland,EM,2016-12-31,core-eligible
PRT,Portugal,DM,2016-12-31,satellite-candidate
ROU,Romania,EM,2016-12-31,core-eligible
ESP,Spain,DM,2016-12-31,satellite-candidate
THA,Thailand,EM,2016-12-31,core-eligible
GBR,United Kingdom,DM,2016-12-31,satellite-candidate
USA,United States,DM,2016-12-31,satellite-candidate
VNM,Vietnam,EM,2016-12-31,core-eligible
BEL,Belgium,DM,2017-03-31,satellite-candidate
CHL,Chile,EM,2017-03-31,core-eligible
CZE,Czech Republic,EM,2017-03-31,core-eligible
FRA,France,DM,2017-03-31,satellite-candidate
GRC,Greece,DM,2017-03-31,satellite-candidate
ITA,Italy,DM,2017-03-31,satellite-candidate
JPN,Japan,DM,2017-03-31,satellite-candidate
MYS,Malaysia,EM,2017-03-31,core-eligible
POL,Poland,EM,2017-03-31,core-eligible
PRT,Portugal,DM,2017-03-31,satellite-candidate
ROU,Romania,EM,2017-03-31,core-eligible
ESP,Spain,DM,2017-03-31,satellite-candidate
THA,Thailand,EM,2017-03-31,core-eligible
GBR,United Kingdom,DM,2017-03-31,satellite-candidate
USA,United States,DM,2017-03-31,satellite-candidate
VNM,Vietnam,EM,2017-03-31,core-eligible
BEL,Belgium,DM,2017-06-30,satellite-candidate
CHL,Chile,EM,2017-06-30,core-eligible
CZE,Czech Republic,EM,2017-06-30,core-eligible
FRA,France,DM,2017-06-30,satellite-candidate
GRC,Greece,DM,2017-06-30,satellite-candidate
ITA,Italy,DM,2017-06-30,satellite-candidate
JPN,Japan,DM,2017-06-30,satellite-candidate
MYS,Malaysia,EM,2017-06-30,core-eligible
POL,Poland,EM,2017-06-30,core-eligible
PRT,Portugal,DM,2017-06-30,satellite-candidate
ROU,Romania,EM,2017-06-30,core-eligible
ESP,Spain,DM,2017-06-30,satellite-candidate
THA,Thailand,EM,2017-06-30,core-eligible
GBR,United Kingdom,DM,2017-06-30,satellite-candidate
USA,United States,DM,2017-06-30,satellite-candidate
VNM,Vietnam,EM,2017-06-30,core-eligible
BEL,Belgium,DM,2017-09-30,satellite-candidate
CHL,Chile,EM,2017-09-30,core-eligible
CZE,Czech Republic,EM,2017-09-30,core-eligible
FRA,France,DM,2017-09-30,satellite-candidate
GRC,Greece,DM,2017-09-30,satellite-candidate
HUN,Hungary,EM,2017-09-30,core-eligible
ITA,Italy,DM,2017-09-30,satellite-candidate
JPN,Japan,DM,2017-09-30,satellite-candidate
MYS,Malaysia,EM,2017-09-30,core-eligible
POL,Poland,EM,2017-09-30,core-eligible
PRT,Portugal,DM,2017-09-30,satellite-candidate
ROU,Romania,EM,2017-09-30,core-eligible
ESP,Spain,DM,2017-09-30,satellite-candidate
THA,Thailand,EM,2017-09-30,core-eligible
GBR,United Kingdom,DM,2017-09-30,satellite-candidate
USA,United States,DM,2017-09-30,satellite-candidate
VNM,Vietnam,EM,2017-09-30,core-eligible
BEL,Belgium,DM,2017-12-31,satellite-candidate
CHL,Chile,EM,2017-12-31,core-eligible
CZE,Czech Republic,EM,2017-12-31,core-eligible
FRA,France,DM,2017-12-31,satellite-candidate
GRC,Greece,DM,2017-12-31,satellite-candidate
HUN,Hungary,EM,2017-12-31,core-eligible
ITA,Italy,DM,2017-12-31,satellite-candidate
JPN,Japan,DM,2017-12-31,satellite-candidate
MYS,Malaysia,EM,2017-12-31,core-eligible
POL,Poland,EM,2017-12-31,core-eligible
PRT,Portugal,DM,2017-12-31,satellite-candidate
ROU,Romania,EM,2017-12-31,core-eligible
ESP,Spain,DM,2017-12-31,satellite-candidate
THA,Thailand,EM,2017-12-31,core-eligible
GBR,United Kingdom,DM,2017-12-31,satellite-candidate
USA,United States,DM,2017-12-31,satellite-candidate
VNM,Vietnam,EM,2017-12-31,core-eligible
BEL,Belgium,DM,2018-03-31,satellite-candidate
CHL,Chile,EM,2018-03-31,core-eligible
CZE,Czech Republic,EM,2018-03-31,core-eligible
FRA,France,DM,2018-03-31,satellite-candidate
GRC,Greece,DM,2018-03-31,satellite-candidate
HUN,Hungary,EM,2018-03-31,core-eligible
ITA,Italy,DM,2018-03-31,satellite-candidate
JPN,Japan,DM,2018-03-31,satellite-candidate
MYS,Malaysia,EM,2018-03-31,core-eligible
POL,Poland,EM,2018-03-31,core-eligible
PRT,Portugal,DM,2018-03-31,satellite-candidate
ROU,Romania,EM,2018-03-31,core-eligible
ESP,Spain,DM,2018-03-31,satellite-candidate
THA,Thailand,EM,2018-03-31,core-eligible
GBR,United Kingdom,DM,2018-03-31,satellite-candidate
USA,United States,DM,2018-03-31,satellite-candidate
VNM,Vietnam,EM,2018-03-31,core-eligible
BEL,Belgium,DM,2018-06-30,satellite-candidate
CHL,Chile,EM,2018-06-30,core-eligible
CZE,Czech Republic,EM,2018-06-30,core-eligible
FRA,France,DM,2018-06-30,satellite-candidate
GRC,Greece,DM,2018-06-30,satellite-candidate
HUN,Hungary,EM,2018-06-30,core-eligible
ITA,Italy,DM,2018-06-30,satellite-candidate
JPN,Japan,DM,2018-06-30,satellite-candidate
MYS,Malaysia,EM,2018-06-30,core-eligible
POL,Poland,EM,2018-06-30,core-eligible
PRT,Portugal,DM,2018-06-30,satellite-candidate
ESP,Spain,DM,2018-06-30,satellite-candidate
THA,Thailand,EM,2018-06-30,core-eligible
GBR,United Kingdom,DM,2018-06-30,satellite-candidate
USA,United States,DM,2018-06-30,satellite-candidate
VNM,Vietnam,EM,2018-06-30,core-eligible
BEL,Belgium,DM,2018-09-30,satellite-candidate
CHL,Chile,EM,2018-09-30,core-eligible
CZE,Czech Republic,EM,2018-09-30,core-eligible
FRA,France,DM,2018-09-30,satellite-candidate
GRC,Greece,DM,2018-09-30,satellite-candidate
HUN,Hungary,EM,2018-09-30,core-eligible
ITA,Italy,DM,2018-09-30,satellite-candidate
JPN,Japan,DM,2018-09-30,satellite-candidate
MYS,Malaysia,EM,2018-09-30,core-eligible
POL,Poland,EM,2018-09-30,core-eligible
PRT,Portugal,DM,2018-09-30,satellite-candidate
ESP,Spain,DM,2018-09-30,satellite-candidate
THA,Thailand,EM,2018-09-30,core-eligible
GBR,United Kingdom,DM,2018-09-30,satellite-candidate
USA,United States,DM,2018-09-30,satellite-candidate
VNM,Vietnam,EM,2018-09-30,core-eligible
BEL,Belgium,DM,2018-12-31,satellite-candidate
CHL,Chile,EM,2018-12-31,core-eligible
CZE,Czech Republic,EM,2018-12-31,core-eligible
FRA,France,DM,2018-12-31,satellite-candidate
GRC,Greece,DM,2018-12-31,satellite-candidate
HUN,Hungary,EM,2018-12-31,core-eligible
ITA,Italy,DM,2018-12-31,satellite-candidate
JPN,Japan,DM,2018-12-31,satellite-candidate
MYS,Malaysia,EM,2018-12-31,core-eligible
POL,Poland,EM,2018-12-31,core-eligible
PRT,Portugal,DM,2018-12-31,satellite-candidate
ESP,Spain,DM,2018-12-31,satellite-candidate
THA,Thailand,EM,2018-12-31,core-eligible
GBR,United Kingdom,DM,2018-12-31,satellite-candidate
USA,United States,DM,2018-12-31,satellite-candidate
VNM,Vietnam,EM,2018-12-31,core-eligible
BEL,Belgium,DM,2019-03-31,satellite-candidate
CHL,Chile,EM,2019-03-31,core-eligible
CZE,Czech Republic,EM,2019-03-31,core-eligible
FRA,France,DM,2019-03-31,satellite-candidate
GRC,Greece,DM,2019-03-31,satellite-candidate
HUN,Hungary,EM,2019-03-31,core-eligible
ITA,Italy,DM,2019-03-31,satellite-candidate
JPN,Japan,DM,2019-03-31,satellite-candidate
MYS,Malaysia,EM,2019-03-31,core-eligible
POL,Poland,EM,2019-03-31,core-eligible
PRT,Portugal,DM,2019-03-31,satellite-candidate
ESP,Spain,DM,2019-03-31,satellite-candidate
THA,Thailand,EM,2019-03-31,core-eligible
GBR,United Kingdom,DM,2019-03-31,satellite-candidate
USA,United States,DM,2019-03-31,satellite-candidate
VNM,Vietnam,EM,2019-03-31,core-eligible
BEL,Belgium,DM,2019-06-30,satellite-candidate
CHL,Chile,EM,2019-06-30,core-eligible
CZE,Czech Republic,EM,2019-06-30,core-eligible
FRA,France,DM,2019-06-30,satellite-candidate
GRC,Greece,DM,2019-06-30,satellite-candidate
HUN,Hungary,EM,2019-06-30,core-eligible
ITA,Italy,DM,2019-06-30,satellite-candidate
JPN,Japan,DM,2019-06-30,satellite-candidate
KAZ,Kazakhstan,EM,2019-06-30,core-eligible
MYS,Malaysia,EM,2019-06-30,core-eligible
POL,Poland,EM,2019-06-30,core-eligible
PRT,Portugal,DM,2019-06-30,satellite-candidate
ESP,Spain,DM,2019-06-30,satellite-candidate
GBR,United Kingdom,DM,2019-06-30,satellite-candidate
USA,United States,DM,2019-06-30,satellite-candidate
VNM,Vietnam,EM,2019-06-30,core-eligible
BEL,Belgium,DM,2019-09-30,satellite-candidate
CHL,Chile,EM,2019-09-30,core-eligible
CZE,Czech Republic,EM,2019-09-30,core-eligible
FRA,France,DM,2019-09-30,satellite-candidate
GRC,Greece,DM,2019-09-30,satellite-candidate
HUN,Hungary,EM,2019-09-30,core-eligible
ITA,Italy,DM,2019-09-30,satellite-candidate
JPN,Japan,DM,2019-09-30,satellite-candidate
KAZ,Kazakhstan,EM,2019-09-30,core-eligible
MYS,Malaysia,EM,2019-09-30,core-eligible
POL,Poland,EM,2019-09-30,core-eligible
PRT,Portugal,DM,2019-09-30,satellite-candidate
ESP,Spain,DM,2019-09-30,satellite-candidate
GBR,United Kingdom,DM,2019-09-30,satellite-candidate
USA,United States,DM,2019-09-30,satellite-candidate
VNM,Vietnam,EM,2019-09-30,core-eligible
BEL,Belgium,DM,2019-12-31,satellite-candidate
CHL,Chile,EM,2019-12-31,core-eligible
CZE,Czech Republic,EM,2019-12-31,core-eligible
FRA,France,DM,2019-12-31,satellite-candidate
GRC,Greece,DM,2019-12-31,satellite-candidate
HUN,Hungary,EM,2019-12-31,core-eligible
ITA,Italy,DM,2019-12-31,satellite-candidate
JPN,Japan,DM,2019-12-31,satellite-candidate
KAZ,Kazakhstan,EM,2019-12-31,core-eligible
MYS,Malaysia,EM,2019-12-31,core-eligible
POL,Poland,EM,2019-12-31,core-eligible
PRT,Portugal,DM,2019-12-31,satellite-candidate
ESP,Spain,DM,2019-12-31,satellite-candidate
GBR,United Kingdom,DM,2019-12-31,satellite-candidate
USA,United States,DM,2019-12-31,satellite-candidate
VNM,Vietnam,EM,2019-12-31,core-eligible
BEL,Belgium,DM,2020-03-31,satellite-candidate
CHL,Chile,EM,2020-03-31,core-eligible
CZE,Czech Republic,EM,2020-03-31,core-eligible
FRA,France,DM,2020-03-31,satellite-candidate
GRC,Greece,DM,2020-03-31,satellite-candidate
ITA,Italy,DM,2020-03-31,satellite-candidate
JPN,Japan,DM,2020-03-31,satellite-candidate
KAZ,Kazakhstan,EM,2020-03-31,core-eligible
MYS,Malaysia,EM,2020-03-31,core-eligible
POL,Poland,EM,2020-03-31,core-eligible
PRT,Portugal,DM,2020-03-31,satellite-candidate
ESP,Spain,DM,2020-03-31,satellite-candidate
GBR,United Kingdom,DM,2020-03-31,satellite-candidate
USA,United States,DM,2020-03-31,satellite-candidate
VNM,Vietnam,EM,2020-03-31,core-eligible
AUS,Australia,DM,2020-06-30,satellite-candidate
BEL,Belgium,DM,2020-06-30,satellite-candidate
CZE,Czech Republic,EM,2020-06-30,core-eligible
FRA,France,DM,2020-06-30,satellite-candidate
GRC,Greece,DM,2020-06-30,satellite-candidate
ITA,Italy,DM,2020-06-30,satellite-candidate
JPN,Japan,DM,2020-06-30,satellite-candidate
MYS,Malaysia,EM,2020-06-30,core-eligible
POL,Poland,EM,2020-06-30,core-eligible
PRT,Portugal,DM,2020-06-30,satellite-candidate
ESP,Spain,DM,2020-06-30,satellite-candidate
THA,Thailand,EM,2020-06-30,core-eligible
GBR,United Kingdom,DM,2020-06-30,satellite-candidate
USA,United States,DM,2020-06-30,satellite-candidate
VNM,Vietnam,EM,2020-06-30,core-eligible
AUS,Australia,DM,2020-09-30,satellite-candidate
BEL,Belgium,DM,2020-09-30,satellite-candidate
CZE,Czech Republic,EM,2020-09-30,core-eligible
FRA,France,DM,2020-09-30,satellite-candidate
GRC,Greece,DM,2020-09-30,satellite-candidate
HUN,Hungary,EM,2020-09-30,core-eligible
ITA,Italy,DM,2020-09-30,satellite-candidate
JPN,Japan,DM,2020-09-30,satellite-candidate
MYS,Malaysia,EM,2020-09-30,core-eligible
POL,Poland,EM,2020-09-30,core-eligible
PRT,Portugal,DM,2020-09-30,satellite-candidate
ESP,Spain,DM,2020-09-30,satellite-candidate
THA,Thailand,EM,2020-09-30,core-eligible
GBR,United Kingdom,DM,2020-09-30,satellite-candidate
USA,United States,DM,2020-09-30,satellite-candidate
VNM,Vietnam,EM,2020-09-30,core-eligible
AUS,Australia,DM,2020-12-31,satellite-candidate
BEL,Belgium,DM,2020-12-31,satellite-candidate
CZE,Czech Republic,EM,2020-12-31,core-eligible
FRA,France,DM,2020-12-31,satellite-candidate
GRC,Greece,DM,2020-12-31,satellite-candidate
HUN,Hungary,EM,2020-12-31,core-eligible
ITA,Italy,DM,2020-12-31,satellite-candidate
JPN,Japan,DM,2020-12-31,satellite-candidate
MYS,Malaysia,EM,2020-12-31,core-eligible
POL,Poland,EM,2020-12-31,core-eligible
PRT,Portugal,DM,2020-12-31,satellite-candidate
ESP,Spain,DM,2020-12-31,satellite-candidate
THA,Thailand,EM,2020-12-31,core-eligible
GBR,United Kingdom,DM,2020-12-31,satellite-candidate
USA,United States,DM,2020-12-31,satellite-candidate
VNM,Vietnam,EM,2020-12-31,core-eligible
AUS,Australia,DM,2021-03-31,satellite-candidate
BEL,Belgium,DM,2021-03-31,satellite-candidate
CZE,Czech Republic,EM,2021-03-31,core-eligible
FRA,France,DM,2021-03-31,satellite-candidate
GRC,Greece,DM,2021-03-31,satellite-candidate
HUN,Hungary,EM,2021-03-31,core-eligible
ITA,Italy,DM,2021-03-31,satellite-candidate
JPN,Japan,DM,2021-03-31,satellite-candidate
MYS,Malaysia,EM,2021-03-31,core-eligible
POL,Poland,EM,2021-03-31,core-eligible
PRT,Portugal,DM,2021-03-31,satellite-candidate
ESP,Spain,DM,2021-03-31,satellite-candidate
THA,Thailand,EM,2021-03-31,core-eligible
GBR,United Kingdom,DM,2021-03-31,satellite-candidate
USA,United States,DM,2021-03-31,satellite-candidate
VNM,Vietnam,EM,2021-03-31,core-eligible
AUS,Australia,DM,2021-06-30,satellite-candidate
AUT,Austria,DM,2021-06-30,satellite-candidate
BEL,Belgium,DM,2021-06-30,satellite-candidate
CAN,Canada,DM,2021-06-30,satellite-candidate
FIN,Finland,DM,2021-06-30,satellite-candidate
FRA,France,DM,2021-06-30,satellite-candidate
DEU,Germany,DM,2021-06-30,satellite-candidate
GRC,Greece,DM,2021-06-30,satellite-candidate
ITA,Italy,DM,2021-06-30,satellite-candidate
JPN,Japan,DM,2021-06-30,satellite-candidate
NLD,Netherlands,DM,2021-06-30,satellite-candidate
PRT,Portugal,DM,2021-06-30,satellite-candidate
ESP,Spain,DM,2021-06-30,satellite-candidate
GBR,United Kingdom,DM,2021-06-30,satellite-candidate
USA,United States,DM,2021-06-30,satellite-candidate
VNM,Vietnam,EM,2021-06-30,core-eligible
AUS,Australia,DM,2021-09-30,satellite-candidate
AUT,Austria,DM,2021-09-30,satellite-candidate
BEL,Belgium,DM,2021-09-30,satellite-candidate
CAN,Canada,DM,2021-09-30,satellite-candidate
FIN,Finland,DM,2021-09-30,satellite-candidate
FRA,France,DM,2021-09-30,satellite-candidate
DEU,Germany,DM,2021-09-30,satellite-candidate
GRC,Greece,DM,2021-09-30,satellite-candidate
ITA,Italy,DM,2021-09-30,satellite-candidate
JPN,Japan,DM,2021-09-30,satellite-candidate
NLD,Netherlands,DM,2021-09-30,satellite-candidate
PRT,Portugal,DM,2021-09-30,satellite-candidate
ESP,Spain,DM,2021-09-30,satellite-candidate
GBR,United Kingdom,DM,2021-09-30,satellite-candidate
USA,United States,DM,2021-09-30,satellite-candidate
VNM,Vietnam,EM,2021-09-30,core-eligible
AUS,Australia,DM,2021-12-31,satellite-candidate
AUT,Austria,DM,2021-12-31,satellite-candidate
BEL,Belgium,DM,2021-12-31,satellite-candidate
CAN,Canada,DM,2021-12-31,satellite-candidate
FIN,Finland,DM,2021-12-31,satellite-candidate
FRA,France,DM,2021-12-31,satellite-candidate
DEU,Germany,DM,2021-12-31,satellite-candidate
GRC,Greece,DM,2021-12-31,satellite-candidate
ITA,Italy,DM,2021-12-31,satellite-candidate
JPN,Japan,DM,2021-12-31,satellite-candidate
NLD,Netherlands,DM,2021-12-31,satellite-candidate
PRT,Portugal,DM,2021-12-31,satellite-candidate
ESP,Spain,DM,2021-12-31,satellite-candidate
GBR,United Kingdom,DM,2021-12-31,satellite-candidate
USA,United States,DM,2021-12-31,satellite-candidate
VNM,Vietnam,EM,2021-12-31,core-eligible
AUS,Australia,DM,2022-03-31,satellite-candidate
AUT,Austria,DM,2022-03-31,satellite-candidate
BEL,Belgium,DM,2022-03-31,satellite-candidate
CAN,Canada,DM,2022-03-31,satellite-candidate
FIN,Finland,DM,2022-03-31,satellite-candidate
FRA,France,DM,2022-03-31,satellite-candidate
DEU,Germany,DM,2022-03-31,satellite-candidate
GRC,Greece,DM,2022-03-31,satellite-candidate
ITA,Italy,DM,2022-03-31,satellite-candidate
JPN,Japan,DM,2022-03-31,satellite-candidate
PRT,Portugal,DM,2022-03-31,satellite-candidate
ESP,Spain,DM,2022-03-31,satellite-candidate
GBR,United Kingdom,DM,2022-03-31,satellite-candidate
USA,United States,DM,2022-03-31,satellite-candidate
VNM,Vietnam,EM,2022-03-31,core-eligible
BEL,Belgium,DM,2022-06-30,satellite-candidate
CZE,Czech Republic,EM,2022-06-30,core-eligible
FRA,France,DM,2022-06-30,satellite-candidate
GRC,Greece,DM,2022-06-30,satellite-candidate
ITA,Italy,DM,2022-06-30,satellite-candidate
JPN,Japan,DM,2022-06-30,satellite-candidate
MYS,Malaysia,EM,2022-06-30,core-eligible
POL,Poland,EM,2022-06-30,core-eligible
PRT,Portugal,DM,2022-06-30,satellite-candidate
ESP,Spain,DM,2022-06-30,satellite-candidate
GBR,United Kingdom,DM,2022-06-30,satellite-candidate
USA,United States,DM,2022-06-30,satellite-candidate
VNM,Vietnam,EM,2022-06-30,core-eligible
BEL,Belgium,DM,2022-09-30,satellite-candidate
FRA,France,DM,2022-09-30,satellite-candidate
GRC,Greece,DM,2022-09-30,satellite-candidate
ITA,Italy,DM,2022-09-30,satellite-candidate
JPN,Japan,DM,2022-09-30,satellite-candidate
MYS,Malaysia,EM,2022-09-30,core-eligible
POL,Poland,EM,2022-09-30,core-eligible
PRT,Portugal,DM,2022-09-30,satellite-candidate
ESP,Spain,DM,2022-09-30,satellite-candidate
GBR,United Kingdom,DM,2022-09-30,satellite-candidate
USA,United States,DM,2022-09-30,satellite-candidate
VNM,Vietnam,EM,2022-09-30,core-eligible
BEL,Belgium,DM,2022-12-31,satellite-candidate
FRA,France,DM,2022-12-31,satellite-candidate
GRC,Greece,DM,2022-12-31,satellite-candidate
ITA,Italy,DM,2022-12-31,satellite-candidate
JPN,Japan,DM,2022-12-31,satellite-candidate
MYS,Malaysia,EM,2022-12-31,core-eligible
POL,Poland,EM,2022-12-31,core-eligible
PRT,Portugal,DM,2022-12-31,satellite-candidate
ESP,Spain,DM,2022-12-31,satellite-candidate
GBR,United Kingdom,DM,2022-12-31,satellite-candidate
USA,United States,DM,2022-12-31,satellite-candidate
VNM,Vietnam,EM,2022-12-31,core-eligible
BEL,Belgium,DM,2023-03-31,satellite-candidate
CZE,Czech Republic,EM,2023-03-31,core-eligible
FRA,France,DM,2023-03-31,satellite-candidate
GRC,Greece,DM,2023-03-31,satellite-candidate
ITA,Italy,DM,2023-03-31,satellite-candidate
JPN,Japan,DM,2023-03-31,satellite-candidate
MYS,Malaysia,EM,2023-03-31,core-eligible
POL,Poland,EM,2023-03-31,core-eligible
PRT,Portugal,DM,2023-03-31,satellite-candidate
ESP,Spain,DM,2023-03-31,satellite-candidate
GBR,United Kingdom,DM,2023-03-31,satellite-candidate
USA,United States,DM,2023-03-31,satellite-candidate
VNM,Vietnam,EM,2023-03-31,core-eligible
BEL,Belgium,DM,2023-06-30,satellite-candidate
FRA,France,DM,2023-06-30,satellite-candidate
GRC,Greece,DM,2023-06-30,satellite-candidate
ITA,Italy,DM,2023-06-30,satellite-candidate
JPN,Japan,DM,2023-06-30,satellite-candidate
MYS,Malaysia,EM,2023-06-30,core-eligible
GBR,United Kingdom,DM,2023-06-30,satellite-candidate
USA,United States,DM,2023-06-30,satellite-candidate
VNM,Vietnam,EM,2023-06-30,core-eligible
FRA,France,DM,2023-09-30,satellite-candidate
GRC,Greece,DM,2023-09-30,satellite-candidate
ITA,Italy,DM,2023-09-30,satellite-candidate
JPN,Japan,DM,2023-09-30,satellite-candidate
MYS,Malaysia,EM,2023-09-30,core-eligible
GBR,United Kingdom,DM,2023-09-30,satellite-candidate
USA,United States,DM,2023-09-30,satellite-candidate
VNM,Vietnam,EM,2023-09-30,core-eligible
BEL,Belgium,DM,2023-12-31,satellite-candidate
FRA,France,DM,2023-12-31,satellite-candidate
GRC,Greece,DM,2023-12-31,satellite-candidate
ITA,Italy,DM,2023-12-31,satellite-candidate
JPN,Japan,DM,2023-12-31,satellite-candidate
MYS,Malaysia,EM,2023-12-31,core-eligible
GBR,United Kingdom,DM,2023-12-31,satellite-candidate
USA,United States,DM,2023-12-31,satellite-candidate
VNM,Vietnam,EM,2023-12-31,core-eligible
BEL,Belgium,DM,2024-03-31,satellite-candidate
FRA,France,DM,2024-03-31,satellite-candidate
GRC,Greece,DM,2024-03-31,satellite-candidate
ITA,Italy,DM,2024-03-31,satellite-candidate
JPN,Japan,DM,2024-03-31,satellite-candidate
MYS,Malaysia,EM,2024-03-31,core-eligible
ESP,Spain,DM,2024-03-31,satellite-candidate
GBR,United Kingdom,DM,2024-03-31,satellite-candidate
USA,United States,DM,2024-03-31,satellite-candidate
VNM,Vietnam,EM,2024-03-31,core-eligible
BEL,Belgium,DM,2024-06-30,satellite-candidate
CZE,Czech Republic,EM,2024-06-30,core-eligible
FIN,Finland,DM,2024-06-30,satellite-candidate
FRA,France,DM,2024-06-30,satellite-candidate
GRC,Greece,DM,2024-06-30,satellite-candidate
ITA,Italy,DM,2024-06-30,satellite-candidate
JPN,Japan,DM,2024-06-30,satellite-candidate
MYS,Malaysia,EM,2024-06-30,core-eligible
ESP,Spain,DM,2024-06-30,satellite-candidate
GBR,United Kingdom,DM,2024-06-30,satellite-candidate
USA,United States,DM,2024-06-30,satellite-candidate
VNM,Vietnam,EM,2024-06-30,core-eligible
AUT,Austria,DM,2024-09-30,satellite-candidate
BEL,Belgium,DM,2024-09-30,satellite-candidate
CZE,Czech Republic,EM,2024-09-30,core-eligible
FIN,Finland,DM,2024-09-30,satellite-candidate
FRA,France,DM,2024-09-30,satellite-candidate
GRC,Greece,DM,2024-09-30,satellite-candidate
ITA,Italy,DM,2024-09-30,satellite-candidate
JPN,Japan,DM,2024-09-30,satellite-candidate
MYS,Malaysia,EM,2024-09-30,core-eligible
ESP,Spain,DM,2024-09-30,satellite-candidate
GBR,United Kingdom,DM,2024-09-30,satellite-candidate
USA,United States,DM,2024-09-30,satellite-candidate
VNM,Vietnam,EM,2024-09-30,core-eligible
BEL,Belgium,DM,2024-12-31,satellite-candidate
CZE,Czech Republic,EM,2024-12-31,core-eligible
FIN,Finland,DM,2024-12-31,satellite-candidate
FRA,France,DM,2024-12-31,satellite-candidate
GRC,Greece,DM,2024-12-31,satellite-candidate
ITA,Italy,DM,2024-12-31,satellite-candidate
JPN,Japan,DM,2024-12-31,satellite-candidate
MYS,Malaysia,EM,2024-12-31,core-eligible
ESP,Spain,DM,2024-12-31,satellite-candidate
GBR,United Kingdom,DM,2024-12-31,satellite-candidate
USA,United States,DM,2024-12-31,satellite-candidate
VNM,Vietnam,EM,2024-12-31,core-eligible
AUT,Austria,DM,2025-03-31,satellite-candidate
BEL,Belgium,DM,2025-03-31,satellite-candidate
CZE,Czech Republic,EM,2025-03-31,core-eligible
FIN,Finland,DM,2025-03-31,satellite-candidate
FRA,France,DM,2025-03-31,satellite-candidate
GRC,Greece,DM,2025-03-31,satellite-candidate
ITA,Italy,DM,2025-03-31,satellite-candidate
JPN,Japan,DM,2025-03-31,satellite-candidate
MYS,Malaysia,EM,2025-03-31,core-eligible
ESP,Spain,DM,2025-03-31,satellite-candidate
GBR,United Kingdom,DM,2025-03-31,satellite-candidate
USA,United States,DM,2025-03-31,satellite-candidate
VNM,Vietnam,EM,2025-03-31,core-eligible
AUT,Austria,DM,2025-06-30,satellite-candidate
BEL,Belgium,DM,2025-06-30,satellite-candidate
CHL,Chile,EM,2025-06-30,core-eligible
CZE,Czech Republic,EM,2025-06-30,core-eligible
FIN,Finland,DM,2025-06-30,satellite-candidate
FRA,France,DM,2025-06-30,satellite-candidate
GRC,Greece,DM,2025-06-30,satellite-candidate
ITA,Italy,DM,2025-06-30,satellite-candidate
JPN,Japan,DM,2025-06-30,satellite-candidate
MYS,Malaysia,EM,2025-06-30,core-eligible
ESP,Spain,DM,2025-06-30,satellite-candidate
GBR,United Kingdom,DM,2025-06-30,satellite-candidate
USA,United States,DM,2025-06-30,satellite-candidate
VNM,Vietnam,EM,2025-06-30,core-eligible
AUT,Austria,DM,2025-09-30,satellite-candidate
BEL,Belgium,DM,2025-09-30,satellite-candidate
CHL,Chile,EM,2025-09-30,core-eligible
CZE,Czech Republic,EM,2025-09-30,core-eligible
FIN,Finland,DM,2025-09-30,satellite-candidate
FRA,France,DM,2025-09-30,satellite-candidate
GRC,Greece,DM,2025-09-30,satellite-candidate
ITA,Italy,DM,2025-09-30,satellite-candidate
JPN,Japan,DM,2025-09-30,satellite-candidate
MYS,Malaysia,EM,2025-09-30,core-eligible
ESP,Spain,DM,2025-09-30,satellite-candidate
GBR,United Kingdom,DM,2025-09-30,satellite-candidate
USA,United States,DM,2025-09-30,satellite-candidate
VNM,Vietnam,EM,2025-09-30,core-eligible
AUT,Austria,DM,2025-12-31,satellite-candidate
BEL,Belgium,DM,2025-12-31,satellite-candidate
CHL,Chile,EM,2025-12-31,core-eligible
CZE,Czech Republic,EM,2025-12-31,core-eligible
FIN,Finland,DM,2025-12-31,satellite-candidate
FRA,France,DM,2025-12-31,satellite-candidate
GRC,Greece,DM,2025-12-31,satellite-candidate
ITA,Italy,DM,2025-12-31,satellite-candidate
JPN,Japan,DM,2025-12-31,satellite-candidate
MYS,Malaysia,EM,2025-12-31,core-eligible
ESP,Spain,DM,2025-12-31,satellite-candidate
GBR,United Kingdom,DM,2025-12-31,satellite-candidate
USA,United States,DM,2025-12-31,satellite-candidate
VNM,Vietnam,EM,2025-12-31,core-eligible
