framing,model,rebal_date,n_train,n_test,horizon,ic
classification,lasso_logistic,2009-09-30,22,4,monthly,
classification,random_forest,2009-09-30,22,4,monthly,
classification,xgboost,2009-09-30,22,4,monthly,
classification,lasso_logistic,2009-12-31,26,3,monthly,
classification,random_forest,2009-12-31,26,3,monthly,
classification,xgboost,2009-12-31,26,3,monthly,
classification,lasso_logistic,2010-03-31,29,5,monthly,
classification,random_forest,2010-03-31,29,5,monthly,
classification,xgboost,2010-03-31,29,5,monthly,
classification,lasso_logistic,2010-06-30,34,3,monthly,
classification,random_forest,2010-06-30,34,3,monthly,
classification,xgboost,2010-06-30,34,3,monthly,
classification,lasso_logistic,2010-09-30,37,4,monthly,
classification,random_forest,2010-09-30,37,4,monthly,
classification,xgboost,2010-09-30,37,4,monthly,
classification,lasso_logistic,2010-12-31,41,4,monthly,
classification,random_forest,2010-12-31,41,4,monthly,
classification,xgboost,2010-12-31,41,4,monthly,
classification,lasso_logistic,2011-03-31,45,4,monthly,
classification,random_forest,2011-03-31,45,4,monthly,
classification,xgboost,2011-03-31,45,4,monthly,
classification,lasso_logistic,2011-06-30,49,6,monthly,
classification,random_forest,2011-06-30,49,6,monthly,
classification,xgboost,2011-06-30,49,6,monthly,
classification,lasso_logistic,2011-09-30,55,7,monthly,
classification,random_forest,2011-09-30,55,7,monthly,
classification,xgboost,2011-09-30,55,7,monthly,
classification,lasso_logistic,2011-12-31,62,7,monthly,
classification,random_forest,2011-12-31,62,7,monthly,
classification,xgboost,2011-12-31,62,7,monthly,
classification,lasso_logistic,2012-03-31,69,7,monthly,
classification,random_forest,2012-03-31,69,7,monthly,
classification,xgboost,2012-03-31,69,7,monthly,
classification,lasso_logistic,2012-06-30,76,8,monthly,
classification,random_forest,2012-06-30,76,8,monthly,
classification,xgboost,2012-06-30,76,8,monthly,
classification,lasso_logistic,2012-09-30,84,10,monthly,
classification,random_forest,2012-09-30,84,10,monthly,
classification,xgboost,2012-09-30,84,10,monthly,
classification,lasso_logistic,2012-12-31,94,10,monthly,
classification,random_forest,2012-12-31,94,10,monthly,
classification,xgboost,2012-12-31,94,10,monthly,
classification,lasso_logistic,2013-06-30,104,4,monthly,
classification,random_forest,2013-06-30,104,4,monthly,
classification,xgboost,2013-06-30,104,4,monthly,
classification,lasso_logistic,2013-09-30,108,4,monthly,
classification,random_forest,2013-09-30,108,4,monthly,
classification,xgboost,2013-09-30,108,4,monthly,
classification,lasso_logistic,2013-12-31,112,4,monthly,
classification,random_forest,2013-12-31,112,4,monthly,
classification,xgboost,2013-12-31,112,4,monthly,
classification,lasso_logistic,2014-03-31,116,4,monthly,
classification,random_forest,2014-03-31,116,4,monthly,
classification,xgboost,2014-03-31,116,4,monthly,
classification,lasso_logistic,2014-06-30,120,4,monthly,
classification,random_forest,2014-06-30,120,4,monthly,
classification,xgboost,2014-06-30,120,4,monthly,
classification,lasso_logistic,2014-09-30,124,4,monthly,
classification,random_forest,2014-09-30,124,4,monthly,
classification,xgboost,2014-09-30,124,4,monthly,
classification,lasso_logistic,2014-12-31,128,4,monthly,
classification,random_forest,2014-12-31,128,4,monthly,
classification,xgboost,2014-12-31,128,4,monthly,
classification,lasso_logistic,2015-03-31,132,4,monthly,
classification,random_forest,2015-03-31,132,4,monthly,
classification,xgboost,2015-03-31,132,4,monthly,
classification,lasso_logistic,2015-06-30,136,4,monthly,
classification,random_forest,2015-06-30,136,4,monthly,
classification,xgboost,2015-06-30,136,4,monthly,
classification,lasso_logistic,2015-09-30,140,4,monthly,
classification,random_forest,2015-09-30,140,4,monthly,
classification,xgboost,2015-09-30,140,4,monthly,
classification,lasso_logistic,2015-12-31,144,4,monthly,
classification,random_forest,2015-12-31,144,4,monthly,
classification,xgboost,2015-12-31,144,4,monthly,
classification,lasso_logistic,2016-03-31,148,4,monthly,
classification,random_forest,2016-03-31,148,4,monthly,
classification,xgboost,2016-03-31,148,4,monthly,
classification,lasso_logistic,2016-06-30,152,4,monthly,
classification,random_forest,2016-06-30,152,4,monthly,
classification,xgboost,2016-06-30,152,4,monthly,
classification,lasso_logistic,2016-09-30,156,4,monthly,
classification,random_forest,2016-09-30,156,4,monthly,
classification,xgboost,2016-09-30,156,4,monthly,
classification,lasso_logistic,2016-12-31,160,4,monthly,
classification,random_forest,2016-12-31,160,4,monthly,
classification,xgboost,2016-12-31,160,4,monthly,
classification,lasso_logistic,2017-03-31,164,4,monthly,
classification,random_forest,2017-03-31,164,4,monthly,
classification,xgboost,2017-03-31,164,4,monthly,
classification,lasso_logistic,2017-06-30,168,5,monthly,
classification,random_forest,2017-06-30,168,5,monthly,
classification,xgboost,2017-06-30,168,5,monthly,
classification,lasso_logistic,2017-09-30,173,5,monthly,
classification,random_forest,2017-09-30,173,5,monthly,
classification,xgboost,2017-09-30,173,5,monthly,
classification,lasso_logistic,2017-12-31,178,5,monthly,
classification,random_forest,2017-12-31,178,5,monthly,
classification,xgboost,2017-12-31,178,5,monthly,
classification,lasso_logistic,2018-06-30,183,2,monthly,
classification,random_forest,2018-06-30,183,2,monthly,
classification,xgboost,2018-06-30,183,2,monthly,
classification,lasso_logistic,2018-09-30,185,1,monthly,
classification,random_forest,2018-09-30,185,1,monthly,
classification,xgboost,2018-09-30,185,1,monthly,
classification,lasso_logistic,2018-12-31,186,1,monthly,
classification,random_forest,2018-12-31,186,1,monthly,
classification,xgboost,2018-12-31,186,1,monthly,
classification,lasso_logistic,2019-03-31,187,1,monthly,
classification,random_forest,2019-03-31,187,1,monthly,
classification,xgboost,2019-03-31,187,1,monthly,
classification,lasso_logistic,2019-06-30,188,1,monthly,
classification,random_forest,2019-06-30,188,1,monthly,
classification,xgboost,2019-06-30,188,1,monthly,
classification,lasso_logistic,2020-03-31,189,1,monthly,
classification,random_forest,2020-03-31,189,1,monthly,
classification,xgboost,2020-03-31,189,1,monthly,
classification,lasso_logistic,2020-06-30,190,1,monthly,
classification,random_forest,2020-06-30,190,1,monthly,
classification,xgboost,2020-06-30,190,1,monthly,
classification,lasso_logistic,2020-09-30,191,1,monthly,
classification,random_forest,2020-09-30,191,1,monthly,
classification,xgboost,2020-09-30,191,1,monthly,
classification,lasso_logistic,2020-12-31,192,1,monthly,
classification,random_forest,2020-12-31,192,1,monthly,
classification,xgboost,2020-12-31,192,1,monthly,
classification,lasso_logistic,2021-03-31,193,1,monthly,
classification,random_forest,2021-03-31,193,1,monthly,
classification,xgboost,2021-03-31,193,1,monthly,
classification,lasso_logistic,2021-06-30,194,12,monthly,
classification,random_forest,2021-06-30,194,12,monthly,
classification,xgboost,2021-06-30,194,12,monthly,
classification,lasso_logistic,2021-09-30,206,11,monthly,
classification,random_forest,2021-09-30,206,11,monthly,
classification,xgboost,2021-09-30,206,11,monthly,
classification,lasso_logistic,2021-12-31,217,19,monthly,
classification,random_forest,2021-12-31,217,19,monthly,
classification,xgboost,2021-12-31,217,19,monthly,
classification,lasso_logistic,2022-03-31,236,19,monthly,
classification,random_forest,2022-03-31,236,19,monthly,
classification,xgboost,2022-03-31,236,19,monthly,
classification,lasso_logistic,2024-09-30,255,2,monthly,
classification,random_forest,2024-09-30,255,2,monthly,
classification,xgboost,2024-09-30,255,2,monthly,
classification,lasso_logistic,2024-12-31,257,2,monthly,
classification,random_forest,2024-12-31,257,2,monthly,
classification,xgboost,2024-12-31,257,2,monthly,
classification,lasso_logistic,2025-03-31,259,2,monthly,
classification,random_forest,2025-03-31,259,2,monthly,
classification,xgboost,2025-03-31,259,2,monthly,
classification,lasso_logistic,2025-06-30,261,2,monthly,
classification,random_forest,2025-06-30,261,2,monthly,
classification,xgboost,2025-06-30,261,2,monthly,
classification,lasso_logistic,2025-09-30,263,2,monthly,
classification,random_forest,2025-09-30,263,2,monthly,
classification,xgboost,2025-09-30,263,2,monthly,
regression,lasso,2009-09-30,22,4,monthly,
regression,random_forest,2009-09-30,22,4,monthly,0.39999999999999997
regression,xgboost,2009-09-30,22,4,monthly,0.7999999999999999
regression,lasso,2009-12-31,26,3,monthly,
regression,random_forest,2009-12-31,26,3,monthly,-0.5
regression,xgboost,2009-12-31,26,3,monthly,-1.0
regression,lasso,2010-03-31,29,5,monthly,
regression,random_forest,2010-03-31,29,5,monthly,-0.3
regression,xgboost,2010-03-31,29,5,monthly,-0.39999999999999997
regression,lasso,2010-06-30,34,3,monthly,
regression,random_forest,2010-06-30,34,3,monthly,-0.5
regression,xgboost,2010-06-30,34,3,monthly,-0.5
regression,lasso,2010-09-30,37,4,monthly,-0.19999999999999998
regression,random_forest,2010-09-30,37,4,monthly,-0.19999999999999998
regression,xgboost,2010-09-30,37,4,monthly,-0.19999999999999998
regression,lasso,2010-12-31,41,4,monthly,0.7999999999999999
regression,random_forest,2010-12-31,41,4,monthly,0.39999999999999997
regression,xgboost,2010-12-31,41,4,monthly,0.0
regression,lasso,2011-03-31,45,4,monthly,-0.7999999999999999
regression,random_forest,2011-03-31,45,4,monthly,-0.7999999999999999
regression,xgboost,2011-03-31,45,4,monthly,-0.7999999999999999
regression,lasso,2011-06-30,49,6,monthly,0.028571428571428574
regression,random_forest,2011-06-30,49,6,monthly,-0.7714285714285715
regression,xgboost,2011-06-30,49,6,monthly,-0.2571428571428572
regression,lasso,2011-09-30,55,7,monthly,0.21428571428571433
regression,random_forest,2011-09-30,55,7,monthly,-0.4642857142857144
regression,xgboost,2011-09-30,55,7,monthly,0.07142857142857144
regression,lasso,2011-12-31,62,7,monthly,0.2594372608313854
regression,random_forest,2011-12-31,62,7,monthly,0.1785714285714286
regression,xgboost,2011-12-31,62,7,monthly,0.03571428571428572
regression,lasso,2012-03-31,69,7,monthly,0.0
regression,random_forest,2012-03-31,69,7,monthly,-0.1785714285714286
regression,xgboost,2012-03-31,69,7,monthly,-0.1785714285714286
regression,lasso,2012-06-30,76,8,monthly,0.04761904761904763
regression,random_forest,2012-06-30,76,8,monthly,0.7380952380952381
regression,xgboost,2012-06-30,76,8,monthly,0.6666666666666669
regression,lasso,2012-09-30,84,10,monthly,-0.06666666666666665
regression,random_forest,2012-09-30,84,10,monthly,0.04242424242424241
regression,xgboost,2012-09-30,84,10,monthly,0.16363636363636364
regression,lasso,2012-12-31,94,10,monthly,-0.29696969696969694
regression,random_forest,2012-12-31,94,10,monthly,0.19999999999999998
regression,xgboost,2012-12-31,94,10,monthly,-0.0303030303030303
regression,lasso,2013-06-30,104,4,monthly,
regression,random_forest,2013-06-30,104,4,monthly,-0.19999999999999998
regression,xgboost,2013-06-30,104,4,monthly,0.39999999999999997
regression,lasso,2013-09-30,108,4,monthly,
regression,random_forest,2013-09-30,108,4,monthly,0.7999999999999999
regression,xgboost,2013-09-30,108,4,monthly,0.19999999999999998
regression,lasso,2013-12-31,112,4,monthly,
regression,random_forest,2013-12-31,112,4,monthly,0.39999999999999997
regression,xgboost,2013-12-31,112,4,monthly,-0.39999999999999997
regression,lasso,2014-03-31,116,4,monthly,
regression,random_forest,2014-03-31,116,4,monthly,0.7999999999999999
regression,xgboost,2014-03-31,116,4,monthly,0.7999999999999999
regression,lasso,2014-06-30,120,4,monthly,
regression,random_forest,2014-06-30,120,4,monthly,-0.19999999999999998
regression,xgboost,2014-06-30,120,4,monthly,-0.19999999999999998
regression,lasso,2014-09-30,124,4,monthly,
regression,random_forest,2014-09-30,124,4,monthly,-0.6000000000000001
regression,xgboost,2014-09-30,124,4,monthly,0.0
regression,lasso,2014-12-31,128,4,monthly,
regression,random_forest,2014-12-31,128,4,monthly,0.7999999999999999
regression,xgboost,2014-12-31,128,4,monthly,0.39999999999999997
regression,lasso,2015-03-31,132,4,monthly,
regression,random_forest,2015-03-31,132,4,monthly,-0.7999999999999999
regression,xgboost,2015-03-31,132,4,monthly,-1.0
regression,lasso,2015-06-30,136,4,monthly,
regression,random_forest,2015-06-30,136,4,monthly,-0.39999999999999997
regression,xgboost,2015-06-30,136,4,monthly,0.0
regression,lasso,2015-09-30,140,4,monthly,
regression,random_forest,2015-09-30,140,4,monthly,-0.39999999999999997
regression,xgboost,2015-09-30,140,4,monthly,-0.39999999999999997
regression,lasso,2015-12-31,144,4,monthly,
regression,random_forest,2015-12-31,144,4,monthly,0.39999999999999997
regression,xgboost,2015-12-31,144,4,monthly,1.0
regression,lasso,2016-03-31,148,4,monthly,
regression,random_forest,2016-03-31,148,4,monthly,-0.7999999999999999
regression,xgboost,2016-03-31,148,4,monthly,-0.19999999999999998
regression,lasso,2016-06-30,152,4,monthly,
regression,random_forest,2016-06-30,152,4,monthly,0.7999999999999999
regression,xgboost,2016-06-30,152,4,monthly,0.7999999999999999
regression,lasso,2016-09-30,156,4,monthly,
regression,random_forest,2016-09-30,156,4,monthly,0.0
regression,xgboost,2016-09-30,156,4,monthly,-0.6000000000000001
regression,lasso,2016-12-31,160,4,monthly,
regression,random_forest,2016-12-31,160,4,monthly,1.0
regression,xgboost,2016-12-31,160,4,monthly,1.0
regression,lasso,2017-03-31,164,4,monthly,
regression,random_forest,2017-03-31,164,4,monthly,-0.7999999999999999
regression,xgboost,2017-03-31,164,4,monthly,-1.0
regression,lasso,2017-06-30,168,5,monthly,
regression,random_forest,2017-06-30,168,5,monthly,0.09999999999999999
regression,xgboost,2017-06-30,168,5,monthly,-0.19999999999999998
regression,lasso,2017-09-30,173,5,monthly,
regression,random_forest,2017-09-30,173,5,monthly,-0.09999999999999999
regression,xgboost,2017-09-30,173,5,monthly,-0.19999999999999998
regression,lasso,2017-12-31,178,5,monthly,
regression,random_forest,2017-12-31,178,5,monthly,-0.39999999999999997
regression,xgboost,2017-12-31,178,5,monthly,-0.39999999999999997
regression,lasso,2018-06-30,183,2,monthly,
regression,random_forest,2018-06-30,183,2,monthly,
regression,xgboost,2018-06-30,183,2,monthly,
regression,lasso,2018-09-30,185,1,monthly,
regression,random_forest,2018-09-30,185,1,monthly,
regression,xgboost,2018-09-30,185,1,monthly,
regression,lasso,2018-12-31,186,1,monthly,
regression,random_forest,2018-12-31,186,1,monthly,
regression,xgboost,2018-12-31,186,1,monthly,
regression,lasso,2019-03-31,187,1,monthly,
regression,random_forest,2019-03-31,187,1,monthly,
regression,xgboost,2019-03-31,187,1,monthly,
regression,lasso,2019-06-30,188,1,monthly,
regression,random_forest,2019-06-30,188,1,monthly,
regression,xgboost,2019-06-30,188,1,monthly,
regression,lasso,2020-03-31,189,1,monthly,
regression,random_forest,2020-03-31,189,1,monthly,
regression,xgboost,2020-03-31,189,1,monthly,
regression,lasso,2020-06-30,190,1,monthly,
regression,random_forest,2020-06-30,190,1,monthly,
regression,xgboost,2020-06-30,190,1,monthly,
regression,lasso,2020-09-30,191,1,monthly,
regression,random_forest,2020-09-30,191,1,monthly,
regression,xgboost,2020-09-30,191,1,monthly,
regression,lasso,2020-12-31,192,1,monthly,
regression,random_forest,2020-12-31,192,1,monthly,
regression,xgboost,2020-12-31,192,1,monthly,
regression,lasso,2021-03-31,193,1,monthly,
regression,random_forest,2021-03-31,193,1,monthly,
regression,xgboost,2021-03-31,193,1,monthly,
regression,lasso,2021-06-30,194,12,monthly,
regression,random_forest,2021-06-30,194,12,monthly,0.06293706293706294
regression,xgboost,2021-06-30,194,12,monthly,0.15384615384615385
regression,lasso,2021-09-30,206,11,monthly,
regression,random_forest,2021-09-30,206,11,monthly,-0.14545454545454548
regression,xgboost,2021-09-30,206,11,monthly,-0.5181818181818182
regression,lasso,2021-12-31,217,19,monthly,
regression,random_forest,2021-12-31,217,19,monthly,0.30000000000000004
regression,xgboost,2021-12-31,217,19,monthly,-0.01754385964912281
regression,lasso,2022-03-31,236,19,monthly,0.02982456140350877
regression,random_forest,2022-03-31,236,19,monthly,0.26842105263157895
regression,xgboost,2022-03-31,236,19,monthly,0.44912280701754387
regression,lasso,2024-09-30,255,2,monthly,
regression,random_forest,2024-09-30,255,2,monthly,
regression,xgboost,2024-09-30,255,2,monthly,
regression,lasso,2024-12-31,257,2,monthly,
regression,random_forest,2024-12-31,257,2,monthly,
regression,xgboost,2024-12-31,257,2,monthly,
regression,lasso,2025-03-31,259,2,monthly,
regression,random_forest,2025-03-31,259,2,monthly,
regression,xgboost,2025-03-31,259,2,monthly,
regression,lasso,2025-06-30,261,2,monthly,
regression,random_forest,2025-06-30,261,2,monthly,
regression,xgboost,2025-06-30,261,2,monthly,
regression,lasso,2025-09-30,263,2,monthly,
regression,random_forest,2025-09-30,263,2,monthly,
regression,xgboost,2025-09-30,263,2,monthly,
classification,lasso_logistic,2009-09-30,23,4,quarterly,
classification,random_forest,2009-09-30,23,4,quarterly,
classification,xgboost,2009-09-30,23,4,quarterly,
classification,lasso_logistic,2009-12-31,27,4,quarterly,
classification,random_forest,2009-12-31,27,4,quarterly,
classification,xgboost,2009-12-31,27,4,quarterly,
classification,lasso_logistic,2010-03-31,31,5,quarterly,
classification,random_forest,2010-03-31,31,5,quarterly,
classification,xgboost,2010-03-31,31,5,quarterly,
classification,lasso_logistic,2010-06-30,36,3,quarterly,
classification,random_forest,2010-06-30,36,3,quarterly,
classification,xgboost,2010-06-30,36,3,quarterly,
classification,lasso_logistic,2010-09-30,39,5,quarterly,
classification,random_forest,2010-09-30,39,5,quarterly,
classification,xgboost,2010-09-30,39,5,quarterly,
classification,lasso_logistic,2010-12-31,44,5,quarterly,
classification,random_forest,2010-12-31,44,5,quarterly,
classification,xgboost,2010-12-31,44,5,quarterly,
classification,lasso_logistic,2011-03-31,49,5,quarterly,
classification,random_forest,2011-03-31,49,5,quarterly,
classification,xgboost,2011-03-31,49,5,quarterly,
classification,lasso_logistic,2011-06-30,54,7,quarterly,
classification,random_forest,2011-06-30,54,7,quarterly,
classification,xgboost,2011-06-30,54,7,quarterly,
classification,lasso_logistic,2011-09-30,61,7,quarterly,
classification,random_forest,2011-09-30,61,7,quarterly,
classification,xgboost,2011-09-30,61,7,quarterly,
classification,lasso_logistic,2011-12-31,68,7,quarterly,
classification,random_forest,2011-12-31,68,7,quarterly,
classification,xgboost,2011-12-31,68,7,quarterly,
classification,lasso_logistic,2012-03-31,75,8,quarterly,
classification,random_forest,2012-03-31,75,8,quarterly,
classification,xgboost,2012-03-31,75,8,quarterly,
classification,lasso_logistic,2012-06-30,83,9,quarterly,
classification,random_forest,2012-06-30,83,9,quarterly,
classification,xgboost,2012-06-30,83,9,quarterly,
classification,lasso_logistic,2012-09-30,92,10,quarterly,
classification,random_forest,2012-09-30,92,10,quarterly,
classification,xgboost,2012-09-30,92,10,quarterly,
classification,lasso_logistic,2012-12-31,102,10,quarterly,
classification,random_forest,2012-12-31,102,10,quarterly,
classification,xgboost,2012-12-31,102,10,quarterly,
classification,lasso_logistic,2013-06-30,112,4,quarterly,
classification,random_forest,2013-06-30,112,4,quarterly,
classification,xgboost,2013-06-30,112,4,quarterly,
classification,lasso_logistic,2013-09-30,116,4,quarterly,
classification,random_forest,2013-09-30,116,4,quarterly,
classification,xgboost,2013-09-30,116,4,quarterly,
classification,lasso_logistic,2013-12-31,120,4,quarterly,
classification,random_forest,2013-12-31,120,4,quarterly,
classification,xgboost,2013-12-31,120,4,quarterly,
classification,lasso_logistic,2014-03-31,124,4,quarterly,
classification,random_forest,2014-03-31,124,4,quarterly,
classification,xgboost,2014-03-31,124,4,quarterly,
classification,lasso_logistic,2014-06-30,128,4,quarterly,
classification,random_forest,2014-06-30,128,4,quarterly,
classification,xgboost,2014-06-30,128,4,quarterly,
classification,lasso_logistic,2014-09-30,132,4,quarterly,
classification,random_forest,2014-09-30,132,4,quarterly,
classification,xgboost,2014-09-30,132,4,quarterly,
classification,lasso_logistic,2014-12-31,136,4,quarterly,
classification,random_forest,2014-12-31,136,4,quarterly,
classification,xgboost,2014-12-31,136,4,quarterly,
classification,lasso_logistic,2015-03-31,140,4,quarterly,
classification,random_forest,2015-03-31,140,4,quarterly,
classification,xgboost,2015-03-31,140,4,quarterly,
classification,lasso_logistic,2015-06-30,144,4,quarterly,
classification,random_forest,2015-06-30,144,4,quarterly,
classification,xgboost,2015-06-30,144,4,quarterly,
classification,lasso_logistic,2015-09-30,148,4,quarterly,
classification,random_forest,2015-09-30,148,4,quarterly,
classification,xgboost,2015-09-30,148,4,quarterly,
classification,lasso_logistic,2015-12-31,152,4,quarterly,
classification,random_forest,2015-12-31,152,4,quarterly,
classification,xgboost,2015-12-31,152,4,quarterly,
classification,lasso_logistic,2016-03-31,156,4,quarterly,
classification,random_forest,2016-03-31,156,4,quarterly,
classification,xgboost,2016-03-31,156,4,quarterly,
classification,lasso_logistic,2016-06-30,160,4,quarterly,
classification,random_forest,2016-06-30,160,4,quarterly,
classification,xgboost,2016-06-30,160,4,quarterly,
classification,lasso_logistic,2016-09-30,164,4,quarterly,
classification,random_forest,2016-09-30,164,4,quarterly,
classification,xgboost,2016-09-30,164,4,quarterly,
classification,lasso_logistic,2016-12-31,168,4,quarterly,
classification,random_forest,2016-12-31,168,4,quarterly,
classification,xgboost,2016-12-31,168,4,quarterly,
classification,lasso_logistic,2017-03-31,172,4,quarterly,
classification,random_forest,2017-03-31,172,4,quarterly,
classification,xgboost,2017-03-31,172,4,quarterly,
classification,lasso_logistic,2017-06-30,176,5,quarterly,
classification,random_forest,2017-06-30,176,5,quarterly,
classification,xgboost,2017-06-30,176,5,quarterly,
classification,lasso_logistic,2017-09-30,181,5,quarterly,
classification,random_forest,2017-09-30,181,5,quarterly,
classification,xgboost,2017-09-30,181,5,quarterly,
classification,lasso_logistic,2017-12-31,186,5,quarterly,
classification,random_forest,2017-12-31,186,5,quarterly,
classification,xgboost,2017-12-31,186,5,quarterly,
classification,lasso_logistic,2018-06-30,191,2,quarterly,
classification,random_forest,2018-06-30,191,2,quarterly,
classification,xgboost,2018-06-30,191,2,quarterly,
classification,lasso_logistic,2018-09-30,193,1,quarterly,
classification,random_forest,2018-09-30,193,1,quarterly,
classification,xgboost,2018-09-30,193,1,quarterly,
classification,lasso_logistic,2018-12-31,194,1,quarterly,
classification,random_forest,2018-12-31,194,1,quarterly,
classification,xgboost,2018-12-31,194,1,quarterly,
classification,lasso_logistic,2019-03-31,195,1,quarterly,
classification,random_forest,2019-03-31,195,1,quarterly,
classification,xgboost,2019-03-31,195,1,quarterly,
classification,lasso_logistic,2019-06-30,196,1,quarterly,
classification,random_forest,2019-06-30,196,1,quarterly,
classification,xgboost,2019-06-30,196,1,quarterly,
classification,lasso_logistic,2020-03-31,197,1,quarterly,
classification,random_forest,2020-03-31,197,1,quarterly,
classification,xgboost,2020-03-31,197,1,quarterly,
classification,lasso_logistic,2020-06-30,198,1,quarterly,
classification,random_forest,2020-06-30,198,1,quarterly,
classification,xgboost,2020-06-30,198,1,quarterly,
classification,lasso_logistic,2020-09-30,199,1,quarterly,
classification,random_forest,2020-09-30,199,1,quarterly,
classification,xgboost,2020-09-30,199,1,quarterly,
classification,lasso_logistic,2020-12-31,200,1,quarterly,
classification,random_forest,2020-12-31,200,1,quarterly,
classification,xgboost,2020-12-31,200,1,quarterly,
classification,lasso_logistic,2021-03-31,201,1,quarterly,
classification,random_forest,2021-03-31,201,1,quarterly,
classification,xgboost,2021-03-31,201,1,quarterly,
classification,lasso_logistic,2021-06-30,202,12,quarterly,
classification,random_forest,2021-06-30,202,12,quarterly,
classification,xgboost,2021-06-30,202,12,quarterly,
classification,lasso_logistic,2021-09-30,214,12,quarterly,
classification,random_forest,2021-09-30,214,12,quarterly,
classification,xgboost,2021-09-30,214,12,quarterly,
classification,lasso_logistic,2021-12-31,226,19,quarterly,
classification,random_forest,2021-12-31,226,19,quarterly,
classification,xgboost,2021-12-31,226,19,quarterly,
classification,lasso_logistic,2022-03-31,245,19,quarterly,
classification,random_forest,2022-03-31,245,19,quarterly,
classification,xgboost,2022-03-31,245,19,quarterly,
classification,lasso_logistic,2024-09-30,264,2,quarterly,
classification,random_forest,2024-09-30,264,2,quarterly,
classification,xgboost,2024-09-30,264,2,quarterly,
classification,lasso_logistic,2024-12-31,266,2,quarterly,
classification,random_forest,2024-12-31,266,2,quarterly,
classification,xgboost,2024-12-31,266,2,quarterly,
classification,lasso_logistic,2025-03-31,268,2,quarterly,
classification,random_forest,2025-03-31,268,2,quarterly,
classification,xgboost,2025-03-31,268,2,quarterly,
classification,lasso_logistic,2025-06-30,270,2,quarterly,
classification,random_forest,2025-06-30,270,2,quarterly,
classification,xgboost,2025-06-30,270,2,quarterly,
classification,lasso_logistic,2025-09-30,272,2,quarterly,
classification,random_forest,2025-09-30,272,2,quarterly,
classification,xgboost,2025-09-30,272,2,quarterly,
regression,lasso,2009-09-30,23,4,quarterly,-0.19999999999999998
regression,random_forest,2009-09-30,23,4,quarterly,0.39999999999999997
regression,xgboost,2009-09-30,23,4,quarterly,0.19999999999999998
regression,lasso,2009-12-31,27,4,quarterly,
regression,random_forest,2009-12-31,27,4,quarterly,0.0
regression,xgboost,2009-12-31,27,4,quarterly,-0.39999999999999997
regression,lasso,2010-03-31,31,5,quarterly,0.09999999999999999
regression,random_forest,2010-03-31,31,5,quarterly,-0.3
regression,xgboost,2010-03-31,31,5,quarterly,-0.3
regression,lasso,2010-06-30,36,3,quarterly,-0.5
regression,random_forest,2010-06-30,36,3,quarterly,-1.0
regression,xgboost,2010-06-30,36,3,quarterly,-0.5
regression,lasso,2010-09-30,39,5,quarterly,0.6
regression,random_forest,2010-09-30,39,5,quarterly,-0.3
regression,xgboost,2010-09-30,39,5,quarterly,0.19999999999999998
regression,lasso,2010-12-31,44,5,quarterly,-0.3
regression,random_forest,2010-12-31,44,5,quarterly,-0.09999999999999999
regression,xgboost,2010-12-31,44,5,quarterly,0.19999999999999998
regression,lasso,2011-03-31,49,5,quarterly,-0.49999999999999994
regression,random_forest,2011-03-31,49,5,quarterly,-0.09999999999999999
regression,xgboost,2011-03-31,49,5,quarterly,-0.09999999999999999
regression,lasso,2011-06-30,54,7,quarterly,0.4642857142857144
regression,random_forest,2011-06-30,54,7,quarterly,-0.3571428571428572
regression,xgboost,2011-06-30,54,7,quarterly,-0.642857142857143
regression,lasso,2011-09-30,61,7,quarterly,-0.10714285714285716
regression,random_forest,2011-09-30,61,7,quarterly,-0.07142857142857144
regression,xgboost,2011-09-30,61,7,quarterly,0.6785714285714287
regression,lasso,2011-12-31,68,7,quarterly,-0.39285714285714296
regression,random_forest,2011-12-31,68,7,quarterly,-0.5714285714285715
regression,xgboost,2011-12-31,68,7,quarterly,-0.28571428571428575
regression,lasso,2012-03-31,75,8,quarterly,0.4047619047619048
regression,random_forest,2012-03-31,75,8,quarterly,-0.6428571428571429
regression,xgboost,2012-03-31,75,8,quarterly,-0.7380952380952381
regression,lasso,2012-06-30,83,9,quarterly,-0.7166666666666667
regression,random_forest,2012-06-30,83,9,quarterly,-0.7666666666666667
regression,xgboost,2012-06-30,83,9,quarterly,-0.7
regression,lasso,2012-09-30,92,10,quarterly,0.10303030303030303
regression,random_forest,2012-09-30,92,10,quarterly,0.38181818181818183
regression,xgboost,2012-09-30,92,10,quarterly,0.5272727272727272
regression,lasso,2012-12-31,102,10,quarterly,0.11515151515151514
regression,random_forest,2012-12-31,102,10,quarterly,0.24848484848484845
regression,xgboost,2012-12-31,102,10,quarterly,-0.04242424242424241
regression,lasso,2013-06-30,112,4,quarterly,0.6000000000000001
regression,random_forest,2013-06-30,112,4,quarterly,0.0
regression,xgboost,2013-06-30,112,4,quarterly,-0.7999999999999999
regression,lasso,2013-09-30,116,4,quarterly,0.7999999999999999
regression,random_forest,2013-09-30,116,4,quarterly,0.39999999999999997
regression,xgboost,2013-09-30,116,4,quarterly,-0.7999999999999999
regression,lasso,2013-12-31,120,4,quarterly,-0.7999999999999999
regression,random_forest,2013-12-31,120,4,quarterly,-0.7999999999999999
regression,xgboost,2013-12-31,120,4,quarterly,-0.39999999999999997
regression,lasso,2014-03-31,124,4,quarterly,0.7999999999999999
regression,random_forest,2014-03-31,124,4,quarterly,0.7999999999999999
regression,xgboost,2014-03-31,124,4,quarterly,0.39999999999999997
regression,lasso,2014-06-30,128,4,quarterly,-0.7999999999999999
regression,random_forest,2014-06-30,128,4,quarterly,-0.19999999999999998
regression,xgboost,2014-06-30,128,4,quarterly,-0.7999999999999999
regression,lasso,2014-09-30,132,4,quarterly,0.6000000000000001
regression,random_forest,2014-09-30,132,4,quarterly,-0.7999999999999999
regression,xgboost,2014-09-30,132,4,quarterly,-0.19999999999999998
regression,lasso,2014-12-31,136,4,quarterly,0.0
regression,random_forest,2014-12-31,136,4,quarterly,0.0
regression,xgboost,2014-12-31,136,4,quarterly,0.39999999999999997
regression,lasso,2015-03-31,140,4,quarterly,0.6000000000000001
regression,random_forest,2015-03-31,140,4,quarterly,0.6000000000000001
regression,xgboost,2015-03-31,140,4,quarterly,-0.7999999999999999
regression,lasso,2015-06-30,144,4,quarterly,-0.39999999999999997
regression,random_forest,2015-06-30,144,4,quarterly,-0.7999999999999999
regression,xgboost,2015-06-30,144,4,quarterly,-0.7999999999999999
regression,lasso,2015-09-30,148,4,quarterly,1.0
regression,random_forest,2015-09-30,148,4,quarterly,1.0
regression,xgboost,2015-09-30,148,4,quarterly,-0.39999999999999997
regression,lasso,2015-12-31,152,4,quarterly,-1.0
regression,random_forest,2015-12-31,152,4,quarterly,-0.7999999999999999
regression,xgboost,2015-12-31,152,4,quarterly,-0.39999999999999997
regression,lasso,2016-03-31,156,4,quarterly,0.19999999999999998
regression,random_forest,2016-03-31,156,4,quarterly,-0.7999999999999999
regression,xgboost,2016-03-31,156,4,quarterly,-0.7999999999999999
regression,lasso,2016-06-30,160,4,quarterly,-0.39999999999999997
regression,random_forest,2016-06-30,160,4,quarterly,-0.19999999999999998
regression,xgboost,2016-06-30,160,4,quarterly,-0.39999999999999997
regression,lasso,2016-09-30,164,4,quarterly,0.6000000000000001
regression,random_forest,2016-09-30,164,4,quarterly,0.6000000000000001
regression,xgboost,2016-09-30,164,4,quarterly,0.19999999999999998
regression,lasso,2016-12-31,168,4,quarterly,-0.39999999999999997
regression,random_forest,2016-12-31,168,4,quarterly,-0.19999999999999998
regression,xgboost,2016-12-31,168,4,quarterly,-0.39999999999999997
regression,lasso,2017-03-31,172,4,quarterly,0.7999999999999999
regression,random_forest,2017-03-31,172,4,quarterly,-1.0
regression,xgboost,2017-03-31,172,4,quarterly,-0.7999999999999999
regression,lasso,2017-06-30,176,5,quarterly,0.7999999999999999
regression,random_forest,2017-06-30,176,5,quarterly,-0.7
regression,xgboost,2017-06-30,176,5,quarterly,-0.7
regression,lasso,2017-09-30,181,5,quarterly,0.7
regression,random_forest,2017-09-30,181,5,quarterly,-0.8999999999999998
regression,xgboost,2017-09-30,181,5,quarterly,-0.49999999999999994
regression,lasso,2017-12-31,186,5,quarterly,-0.09999999999999999
regression,random_forest,2017-12-31,186,5,quarterly,0.7
regression,xgboost,2017-12-31,186,5,quarterly,0.09999999999999999
regression,lasso,2018-06-30,191,2,quarterly,
regression,random_forest,2018-06-30,191,2,quarterly,
regression,xgboost,2018-06-30,191,2,quarterly,
regression,lasso,2018-09-30,193,1,quarterly,
regression,random_forest,2018-09-30,193,1,quarterly,
regression,xgboost,2018-09-30,193,1,quarterly,
regression,lasso,2018-12-31,194,1,quarterly,
regression,random_forest,2018-12-31,194,1,quarterly,
regression,xgboost,2018-12-31,194,1,quarterly,
regression,lasso,2019-03-31,195,1,quarterly,
regression,random_forest,2019-03-31,195,1,quarterly,
regression,xgboost,2019-03-31,195,1,quarterly,
regression,lasso,2019-06-30,196,1,quarterly,
regression,random_forest,2019-06-30,196,1,quarterly,
regression,xgboost,2019-06-30,196,1,quarterly,
regression,lasso,2020-03-31,197,1,quarterly,
regression,random_forest,2020-03-31,197,1,quarterly,
regression,xgboost,2020-03-31,197,1,quarterly,
regression,lasso,2020-06-30,198,1,quarterly,
regression,random_forest,2020-06-30,198,1,quarterly,
regression,xgboost,2020-06-30,198,1,quarterly,
regression,lasso,2020-09-30,199,1,quarterly,
regression,random_forest,2020-09-30,199,1,quarterly,
regression,xgboost,2020-09-30,199,1,quarterly,
regression,lasso,2020-12-31,200,1,quarterly,
regression,random_forest,2020-12-31,200,1,quarterly,
regression,xgboost,2020-12-31,200,1,quarterly,
regression,lasso,2021-03-31,201,1,quarterly,
regression,random_forest,2021-03-31,201,1,quarterly,
regression,xgboost,2021-03-31,201,1,quarterly,
regression,lasso,2021-06-30,202,12,quarterly,0.2027972027972028
regression,random_forest,2021-06-30,202,12,quarterly,-0.2657342657342658
regression,xgboost,2021-06-30,202,12,quarterly,-0.2447552447552448
regression,lasso,2021-09-30,214,12,quarterly,-0.31468531468531474
regression,random_forest,2021-09-30,214,12,quarterly,0.09090909090909093
regression,xgboost,2021-09-30,214,12,quarterly,0.06293706293706294
regression,lasso,2021-12-31,226,19,quarterly,0.2824561403508772
regression,random_forest,2021-12-31,226,19,quarterly,0.09649122807017543
regression,xgboost,2021-12-31,226,19,quarterly,0.27017543859649124
regression,lasso,2022-03-31,245,19,quarterly,-0.11228070175438597
regression,random_forest,2022-03-31,245,19,quarterly,0.15964912280701754
regression,xgboost,2022-03-31,245,19,quarterly,0.0456140350877193
regression,lasso,2024-09-30,264,2,quarterly,
regression,random_forest,2024-09-30,264,2,quarterly,
regression,xgboost,2024-09-30,264,2,quarterly,
regression,lasso,2024-12-31,266,2,quarterly,
regression,random_forest,2024-12-31,266,2,quarterly,
regression,xgboost,2024-12-31,266,2,quarterly,
regression,lasso,2025-03-31,268,2,quarterly,
regression,random_forest,2025-03-31,268,2,quarterly,
regression,xgboost,2025-03-31,268,2,quarterly,
regression,lasso,2025-06-30,270,2,quarterly,
regression,random_forest,2025-06-30,270,2,quarterly,
regression,xgboost,2025-06-30,270,2,quarterly,
regression,lasso,2025-09-30,272,2,quarterly,
regression,random_forest,2025-09-30,272,2,quarterly,
regression,xgboost,2025-09-30,272,2,quarterly,
classification,lasso_logistic,2009-12-31,21,4,semi_annual,
classification,random_forest,2009-12-31,21,4,semi_annual,
classification,xgboost,2009-12-31,21,4,semi_annual,
classification,lasso_logistic,2010-03-31,25,5,semi_annual,
classification,random_forest,2010-03-31,25,5,semi_annual,
classification,xgboost,2010-03-31,25,5,semi_annual,
classification,lasso_logistic,2010-06-30,25,2,semi_annual,
classification,random_forest,2010-06-30,25,2,semi_annual,
classification,xgboost,2010-06-30,25,2,semi_annual,
classification,lasso_logistic,2010-09-30,34,4,semi_annual,
classification,random_forest,2010-09-30,34,4,semi_annual,
classification,xgboost,2010-09-30,34,4,semi_annual,
classification,lasso_logistic,2010-12-31,36,5,semi_annual,
classification,random_forest,2010-12-31,36,5,semi_annual,
classification,xgboost,2010-12-31,36,5,semi_annual,
classification,lasso_logistic,2011-03-31,40,5,semi_annual,
classification,random_forest,2011-03-31,40,5,semi_annual,
classification,xgboost,2011-03-31,40,5,semi_annual,
classification,lasso_logistic,2011-06-30,40,6,semi_annual,
classification,random_forest,2011-06-30,40,6,semi_annual,
classification,xgboost,2011-06-30,40,6,semi_annual,
classification,lasso_logistic,2011-09-30,50,7,semi_annual,
classification,random_forest,2011-09-30,50,7,semi_annual,
classification,xgboost,2011-09-30,50,7,semi_annual,
classification,lasso_logistic,2011-12-31,56,5,semi_annual,
classification,random_forest,2011-12-31,56,5,semi_annual,
classification,xgboost,2011-12-31,56,5,semi_annual,
classification,lasso_logistic,2012-03-31,63,7,semi_annual,
classification,random_forest,2012-03-31,63,7,semi_annual,
classification,xgboost,2012-03-31,63,7,semi_annual,
classification,lasso_logistic,2012-06-30,68,9,semi_annual,
classification,random_forest,2012-06-30,68,9,semi_annual,
classification,xgboost,2012-06-30,68,9,semi_annual,
classification,lasso_logistic,2012-09-30,75,10,semi_annual,
classification,random_forest,2012-09-30,75,10,semi_annual,
classification,xgboost,2012-09-30,75,10,semi_annual,
classification,lasso_logistic,2012-12-31,84,10,semi_annual,
classification,random_forest,2012-12-31,84,10,semi_annual,
classification,xgboost,2012-12-31,84,10,semi_annual,
classification,lasso_logistic,2013-06-30,94,4,semi_annual,
classification,random_forest,2013-06-30,94,4,semi_annual,
classification,xgboost,2013-06-30,94,4,semi_annual,
classification,lasso_logistic,2013-09-30,104,4,semi_annual,
classification,random_forest,2013-09-30,104,4,semi_annual,
classification,xgboost,2013-09-30,104,4,semi_annual,
classification,lasso_logistic,2013-12-31,108,4,semi_annual,
classification,random_forest,2013-12-31,108,4,semi_annual,
classification,xgboost,2013-12-31,108,4,semi_annual,
classification,lasso_logistic,2014-03-31,112,4,semi_annual,
classification,random_forest,2014-03-31,112,4,semi_annual,
classification,xgboost,2014-03-31,112,4,semi_annual,
classification,lasso_logistic,2014-06-30,112,4,semi_annual,
classification,random_forest,2014-06-30,112,4,semi_annual,
classification,xgboost,2014-06-30,112,4,semi_annual,
classification,lasso_logistic,2014-09-30,120,4,semi_annual,
classification,random_forest,2014-09-30,120,4,semi_annual,
classification,xgboost,2014-09-30,120,4,semi_annual,
classification,lasso_logistic,2014-12-31,124,4,semi_annual,
classification,random_forest,2014-12-31,124,4,semi_annual,
classification,xgboost,2014-12-31,124,4,semi_annual,
classification,lasso_logistic,2015-03-31,128,4,semi_annual,
classification,random_forest,2015-03-31,128,4,semi_annual,
classification,xgboost,2015-03-31,128,4,semi_annual,
classification,lasso_logistic,2015-06-30,128,4,semi_annual,
classification,random_forest,2015-06-30,128,4,semi_annual,
classification,xgboost,2015-06-30,128,4,semi_annual,
classification,lasso_logistic,2015-09-30,136,4,semi_annual,
classification,random_forest,2015-09-30,136,4,semi_annual,
classification,xgboost,2015-09-30,136,4,semi_annual,
classification,lasso_logistic,2015-12-31,140,4,semi_annual,
classification,random_forest,2015-12-31,140,4,semi_annual,
classification,xgboost,2015-12-31,140,4,semi_annual,
classification,lasso_logistic,2016-03-31,144,4,semi_annual,
classification,random_forest,2016-03-31,144,4,semi_annual,
classification,xgboost,2016-03-31,144,4,semi_annual,
classification,lasso_logistic,2016-06-30,148,4,semi_annual,
classification,random_forest,2016-06-30,148,4,semi_annual,
classification,xgboost,2016-06-30,148,4,semi_annual,
classification,lasso_logistic,2016-09-30,152,4,semi_annual,
classification,random_forest,2016-09-30,152,4,semi_annual,
classification,xgboost,2016-09-30,152,4,semi_annual,
classification,lasso_logistic,2016-12-31,156,4,semi_annual,
classification,random_forest,2016-12-31,156,4,semi_annual,
classification,xgboost,2016-12-31,156,4,semi_annual,
classification,lasso_logistic,2017-03-31,160,4,semi_annual,
classification,random_forest,2017-03-31,160,4,semi_annual,
classification,xgboost,2017-03-31,160,4,semi_annual,
classification,lasso_logistic,2017-06-30,160,5,semi_annual,
classification,random_forest,2017-06-30,160,5,semi_annual,
classification,xgboost,2017-06-30,160,5,semi_annual,
classification,lasso_logistic,2017-09-30,168,5,semi_annual,
classification,random_forest,2017-09-30,168,5,semi_annual,
classification,xgboost,2017-09-30,168,5,semi_annual,
classification,lasso_logistic,2017-12-31,173,5,semi_annual,
classification,random_forest,2017-12-31,173,5,semi_annual,
classification,xgboost,2017-12-31,173,5,semi_annual,
classification,lasso_logistic,2018-06-30,178,2,semi_annual,
classification,random_forest,2018-06-30,178,2,semi_annual,
classification,xgboost,2018-06-30,178,2,semi_annual,
classification,lasso_logistic,2018-09-30,183,1,semi_annual,
classification,random_forest,2018-09-30,183,1,semi_annual,
classification,xgboost,2018-09-30,183,1,semi_annual,
classification,lasso_logistic,2018-12-31,185,1,semi_annual,
classification,random_forest,2018-12-31,185,1,semi_annual,
classification,xgboost,2018-12-31,185,1,semi_annual,
classification,lasso_logistic,2019-03-31,186,1,semi_annual,
classification,random_forest,2019-03-31,186,1,semi_annual,
classification,xgboost,2019-03-31,186,1,semi_annual,
classification,lasso_logistic,2019-06-30,186,1,semi_annual,
classification,random_forest,2019-06-30,186,1,semi_annual,
classification,xgboost,2019-06-30,186,1,semi_annual,
classification,lasso_logistic,2020-03-31,189,1,semi_annual,
classification,random_forest,2020-03-31,189,1,semi_annual,
classification,xgboost,2020-03-31,189,1,semi_annual,
classification,lasso_logistic,2020-06-30,189,1,semi_annual,
classification,random_forest,2020-06-30,189,1,semi_annual,
classification,xgboost,2020-06-30,189,1,semi_annual,
classification,lasso_logistic,2020-09-30,190,1,semi_annual,
classification,random_forest,2020-09-30,190,1,semi_annual,
classification,xgboost,2020-09-30,190,1,semi_annual,
classification,lasso_logistic,2020-12-31,191,1,semi_annual,
classification,random_forest,2020-12-31,191,1,semi_annual,
classification,xgboost,2020-12-31,191,1,semi_annual,
classification,lasso_logistic,2021-03-31,192,1,semi_annual,
classification,random_forest,2021-03-31,192,1,semi_annual,
classification,xgboost,2021-03-31,192,1,semi_annual,
classification,lasso_logistic,2021-06-30,192,11,semi_annual,
classification,random_forest,2021-06-30,192,11,semi_annual,
classification,xgboost,2021-06-30,192,11,semi_annual,
classification,lasso_logistic,2021-09-30,194,12,semi_annual,
classification,random_forest,2021-09-30,194,12,semi_annual,
classification,xgboost,2021-09-30,194,12,semi_annual,
classification,lasso_logistic,2021-12-31,205,19,semi_annual,
classification,random_forest,2021-12-31,205,19,semi_annual,
classification,xgboost,2021-12-31,205,19,semi_annual,
classification,lasso_logistic,2022-03-31,217,19,semi_annual,
classification,random_forest,2022-03-31,217,19,semi_annual,
classification,xgboost,2022-03-31,217,19,semi_annual,
classification,lasso_logistic,2024-09-30,255,2,semi_annual,
classification,random_forest,2024-09-30,255,2,semi_annual,
classification,xgboost,2024-09-30,255,2,semi_annual,
classification,lasso_logistic,2024-12-31,255,2,semi_annual,
classification,random_forest,2024-12-31,255,2,semi_annual,
classification,xgboost,2024-12-31,255,2,semi_annual,
classification,lasso_logistic,2025-03-31,257,2,semi_annual,
classification,random_forest,2025-03-31,257,2,semi_annual,
classification,xgboost,2025-03-31,257,2,semi_annual,
classification,lasso_logistic,2025-06-30,257,2,semi_annual,
classification,random_forest,2025-06-30,257,2,semi_annual,
classification,xgboost,2025-06-30,257,2,semi_annual,
regression,lasso,2009-12-31,21,4,semi_annual,-0.7999999999999999
regression,random_forest,2009-12-31,21,4,semi_annual,0.19999999999999998
regression,xgboost,2009-12-31,21,4,semi_annual,0.0
regression,lasso,2010-03-31,25,5,semi_annual,0.3
regression,random_forest,2010-03-31,25,5,semi_annual,0.3
regression,xgboost,2010-03-31,25,5,semi_annual,0.09999999999999999
regression,lasso,2010-06-30,25,2,semi_annual,
regression,random_forest,2010-06-30,25,2,semi_annual,
regression,xgboost,2010-06-30,25,2,semi_annual,
regression,lasso,2010-09-30,34,4,semi_annual,-0.6000000000000001
regression,random_forest,2010-09-30,34,4,semi_annual,0.7999999999999999
regression,xgboost,2010-09-30,34,4,semi_annual,-0.19999999999999998
regression,lasso,2010-12-31,36,5,semi_annual,-0.49999999999999994
regression,random_forest,2010-12-31,36,5,semi_annual,0.6
regression,xgboost,2010-12-31,36,5,semi_annual,-0.49999999999999994
regression,lasso,2011-03-31,40,5,semi_annual,0.09999999999999999
regression,random_forest,2011-03-31,40,5,semi_annual,-0.7
regression,xgboost,2011-03-31,40,5,semi_annual,-0.6
regression,lasso,2011-06-30,40,6,semi_annual,-0.6571428571428573
regression,random_forest,2011-06-30,40,6,semi_annual,0.5428571428571429
regression,xgboost,2011-06-30,40,6,semi_annual,-0.2571428571428572
regression,lasso,2011-09-30,50,7,semi_annual,-0.9285714285714288
regression,random_forest,2011-09-30,50,7,semi_annual,0.8214285714285715
regression,xgboost,2011-09-30,50,7,semi_annual,0.7500000000000002
regression,lasso,2011-12-31,56,5,semi_annual,0.3
regression,random_forest,2011-12-31,56,5,semi_annual,-0.7
regression,xgboost,2011-12-31,56,5,semi_annual,0.39999999999999997
regression,lasso,2012-03-31,63,7,semi_annual,0.7500000000000002
regression,random_forest,2012-03-31,63,7,semi_annual,-0.7142857142857144
regression,xgboost,2012-03-31,63,7,semi_annual,-0.7142857142857144
regression,lasso,2012-06-30,68,9,semi_annual,0.2833333333333333
regression,random_forest,2012-06-30,68,9,semi_annual,-0.5333333333333333
regression,xgboost,2012-06-30,68,9,semi_annual,-0.6833333333333333
regression,lasso,2012-09-30,75,10,semi_annual,0.24848484848484845
regression,random_forest,2012-09-30,75,10,semi_annual,-0.3696969696969697
regression,xgboost,2012-09-30,75,10,semi_annual,-0.5151515151515151
regression,lasso,2012-12-31,84,10,semi_annual,-0.6121212121212121
regression,random_forest,2012-12-31,84,10,semi_annual,0.0303030303030303
regression,xgboost,2012-12-31,84,10,semi_annual,-0.3939393939393939
regression,lasso,2013-06-30,94,4,semi_annual,-0.19999999999999998
regression,random_forest,2013-06-30,94,4,semi_annual,0.7999999999999999
regression,xgboost,2013-06-30,94,4,semi_annual,0.6000000000000001
regression,lasso,2013-09-30,104,4,semi_annual,-0.7999999999999999
regression,random_forest,2013-09-30,104,4,semi_annual,-0.39999999999999997
regression,xgboost,2013-09-30,104,4,semi_annual,0.7999999999999999
regression,lasso,2013-12-31,108,4,semi_annual,-0.7999999999999999
regression,random_forest,2013-12-31,108,4,semi_annual,-0.7999999999999999
regression,xgboost,2013-12-31,108,4,semi_annual,0.19999999999999998
regression,lasso,2014-03-31,112,4,semi_annual,0.7999999999999999
regression,random_forest,2014-03-31,112,4,semi_annual,0.39999999999999997
regression,xgboost,2014-03-31,112,4,semi_annual,-0.19999999999999998
regression,lasso,2014-06-30,112,4,semi_annual,0.39999999999999997
regression,random_forest,2014-06-30,112,4,semi_annual,-0.39999999999999997
regression,xgboost,2014-06-30,112,4,semi_annual,-0.39999999999999997
regression,lasso,2014-09-30,120,4,semi_annual,0.0
regression,random_forest,2014-09-30,120,4,semi_annual,-0.7999999999999999
regression,xgboost,2014-09-30,120,4,semi_annual,-0.7999999999999999
regression,lasso,2014-12-31,124,4,semi_annual,0.39999999999999997
regression,random_forest,2014-12-31,124,4,semi_annual,0.19999999999999998
regression,xgboost,2014-12-31,124,4,semi_annual,-0.7999999999999999
regression,lasso,2015-03-31,128,4,semi_annual,-0.19999999999999998
regression,random_forest,2015-03-31,128,4,semi_annual,-0.7999999999999999
regression,xgboost,2015-03-31,128,4,semi_annual,-1.0
regression,lasso,2015-06-30,128,4,semi_annual,-0.39999999999999997
regression,random_forest,2015-06-30,128,4,semi_annual,-0.19999999999999998
regression,xgboost,2015-06-30,128,4,semi_annual,-0.39999999999999997
regression,lasso,2015-09-30,136,4,semi_annual,0.39999999999999997
regression,random_forest,2015-09-30,136,4,semi_annual,0.39999999999999997
regression,xgboost,2015-09-30,136,4,semi_annual,-0.19999999999999998
regression,lasso,2015-12-31,140,4,semi_annual,-0.6000000000000001
regression,random_forest,2015-12-31,140,4,semi_annual,-0.7999999999999999
regression,xgboost,2015-12-31,140,4,semi_annual,-0.39999999999999997
regression,lasso,2016-03-31,144,4,semi_annual,-0.19999999999999998
regression,random_forest,2016-03-31,144,4,semi_annual,0.7999999999999999
regression,xgboost,2016-03-31,144,4,semi_annual,0.7999999999999999
regression,lasso,2016-06-30,148,4,semi_annual,0.39999999999999997
regression,random_forest,2016-06-30,148,4,semi_annual,1.0
regression,xgboost,2016-06-30,148,4,semi_annual,1.0
regression,lasso,2016-09-30,152,4,semi_annual,-0.39999999999999997
regression,random_forest,2016-09-30,152,4,semi_annual,-0.39999999999999997
regression,xgboost,2016-09-30,152,4,semi_annual,-0.7999999999999999
regression,lasso,2016-12-31,156,4,semi_annual,-0.39999999999999997
regression,random_forest,2016-12-31,156,4,semi_annual,0.0
regression,xgboost,2016-12-31,156,4,semi_annual,0.0
regression,lasso,2017-03-31,160,4,semi_annual,0.7999999999999999
regression,random_forest,2017-03-31,160,4,semi_annual,-0.7999999999999999
regression,xgboost,2017-03-31,160,4,semi_annual,-0.39999999999999997
regression,lasso,2017-06-30,160,5,semi_annual,0.49999999999999994
regression,random_forest,2017-06-30,160,5,semi_annual,-0.7
regression,xgboost,2017-06-30,160,5,semi_annual,-0.7
regression,lasso,2017-09-30,168,5,semi_annual,0.09999999999999999
regression,random_forest,2017-09-30,168,5,semi_annual,0.49999999999999994
regression,xgboost,2017-09-30,168,5,semi_annual,0.3
regression,lasso,2017-12-31,173,5,semi_annual,0.3
regression,random_forest,2017-12-31,173,5,semi_annual,0.7
regression,xgboost,2017-12-31,173,5,semi_annual,0.3
regression,lasso,2018-06-30,178,2,semi_annual,
regression,random_forest,2018-06-30,178,2,semi_annual,
regression,xgboost,2018-06-30,178,2,semi_annual,
regression,lasso,2018-09-30,183,1,semi_annual,
regression,random_forest,2018-09-30,183,1,semi_annual,
regression,xgboost,2018-09-30,183,1,semi_annual,
regression,lasso,2018-12-31,185,1,semi_annual,
regression,random_forest,2018-12-31,185,1,semi_annual,
regression,xgboost,2018-12-31,185,1,semi_annual,
regression,lasso,2019-03-31,186,1,semi_annual,
regression,random_forest,2019-03-31,186,1,semi_annual,
regression,xgboost,2019-03-31,186,1,semi_annual,
regression,lasso,2019-06-30,186,1,semi_annual,
regression,random_forest,2019-06-30,186,1,semi_annual,
regression,xgboost,2019-06-30,186,1,semi_annual,
regression,lasso,2020-03-31,189,1,semi_annual,
regression,random_forest,2020-03-31,189,1,semi_annual,
regression,xgboost,2020-03-31,189,1,semi_annual,
regression,lasso,2020-06-30,189,1,semi_annual,
regression,random_forest,2020-06-30,189,1,semi_annual,
regression,xgboost,2020-06-30,189,1,semi_annual,
regression,lasso,2020-09-30,190,1,semi_annual,
regression,random_forest,2020-09-30,190,1,semi_annual,
regression,xgboost,2020-09-30,190,1,semi_annual,
regression,lasso,2020-12-31,191,1,semi_annual,
regression,random_forest,2020-12-31,191,1,semi_annual,
regression,xgboost,2020-12-31,191,1,semi_annual,
regression,lasso,2021-03-31,192,1,semi_annual,
regression,random_forest,2021-03-31,192,1,semi_annual,
regression,xgboost,2021-03-31,192,1,semi_annual,
regression,lasso,2021-06-30,192,11,semi_annual,-0.21818181818181823
regression,random_forest,2021-06-30,192,11,semi_annual,0.18181818181818182
regression,xgboost,2021-06-30,192,11,semi_annual,-0.23636363636363636
regression,lasso,2021-09-30,194,12,semi_annual,0.5874125874125874
regression,random_forest,2021-09-30,194,12,semi_annual,-0.22377622377622378
regression,xgboost,2021-09-30,194,12,semi_annual,-0.08391608391608392
regression,lasso,2021-12-31,205,19,semi_annual,0.14385964912280702
regression,random_forest,2021-12-31,205,19,semi_annual,0.25789473684210523
regression,xgboost,2021-12-31,205,19,semi_annual,0.2771929824561403
regression,lasso,2022-03-31,217,19,semi_annual,-0.20175438596491227
regression,random_forest,2022-03-31,217,19,semi_annual,0.01754385964912281
regression,xgboost,2022-03-31,217,19,semi_annual,-0.1789473684210526
regression,lasso,2024-09-30,255,2,semi_annual,
regression,random_forest,2024-09-30,255,2,semi_annual,
regression,xgboost,2024-09-30,255,2,semi_annual,
regression,lasso,2024-12-31,255,2,semi_annual,
regression,random_forest,2024-12-31,255,2,semi_annual,
regression,xgboost,2024-12-31,255,2,semi_annual,
regression,lasso,2025-03-31,257,2,semi_annual,
regression,random_forest,2025-03-31,257,2,semi_annual,
regression,xgboost,2025-03-31,257,2,semi_annual,
regression,lasso,2025-06-30,257,2,semi_annual,
regression,random_forest,2025-06-30,257,2,semi_annual,
regression,xgboost,2025-06-30,257,2,semi_annual,
